None, 398.0514, 2004, 92047, L22374_NoorS_2004_res9-S7_fr1, 92324210, 9, 12, 
None, 697.2798, 2004, 92047, L22374_NoorS_2004_res9-S7_fr1, 92324211, 9, 12, 
None, 772.0733, 2004, 92047, L22374_NoorS_2004_res9-S7_fr1, 92324212, 9, 12, 
None, 832.9104, 2004, 92047, L22374_NoorS_2004_res9-S7_fr1, 92324213, 9, 12, 
None, 834.1180, 2004, 92047, L22374_NoorS_2004_res9-S7_fr1, 92324214, 9, 12, 
None, 862.1061, 2004, 92047, L22374_NoorS_2004_res9-S7_fr1, 92324215, 9, 12, 
None, 864.7186, 2004, 92047, L22374_NoorS_2004_res9-S7_fr1, 92324216, 9, 12, 
None, 868.7504, 2004, 92047, L22374_NoorS_2004_res9-S7_fr1, 92324217, 9, 12, 
None, 872.8171, 2004, 92047, L22374_NoorS_2004_res9-S7_fr1, 92324218, 9, 12, 
NH2-QSLGHGQHGSGSGQSPSPSR-COOH, 874.0752, 2004, 92047, L22374_NoorS_2004_res9-S7_fr1, 92324219, 9, 12, 
None, 875.3374, 2004, 92047, L22374_NoorS_2004_res9-S7_fr1, 92324220, 9, 12, 
None, 876.5851, 2004, 92047, L22374_NoorS_2004_res9-S7_fr1, 92324221, 9, 12, 
None, 877.8483, 2004, 92047, L22374_NoorS_2004_res9-S7_fr1, 92324222, 9, 12, 
None, 881.9194, 2004, 92047, L22374_NoorS_2004_res9-S7_fr1, 92324223, 9, 12, 
None, 882.4444, 2004, 92047, L22374_NoorS_2004_res9-S7_fr1, 92324224, 9, 12, 
None, 882.9873, 2004, 92047, L22374_NoorS_2004_res9-S7_fr1, 92324225, 9, 12, 
None, 884.2148, 2004, 92047, L22374_NoorS_2004_res9-S7_fr1, 92324226, 9, 12, 
None, 884.7905, 2004, 92047, L22374_NoorS_2004_res9-S7_fr1, 92324227, 9, 12, 
None, 885.3746, 2004, 92047, L22374_NoorS_2004_res9-S7_fr1, 92324228, 9, 12, 
None, 887.9992, 2004, 92047, L22374_NoorS_2004_res9-S7_fr1, 92324229, 9, 12, 
None, 888.5316, 2004, 92047, L22374_NoorS_2004_res9-S7_fr1, 92324230, 9, 12, 
None, 891.1521, 2004, 92047, L22374_NoorS_2004_res9-S7_fr1, 92324231, 9, 12, 
None, 892.3873, 2004, 92047, L22374_NoorS_2004_res9-S7_fr1, 92324232, 9, 12, 
None, 893.6517, 2004, 92047, L22374_NoorS_2004_res9-S7_fr1, 92324233, 9, 12, 
None, 894.2302, 2004, 92047, L22374_NoorS_2004_res9-S7_fr1, 92324234, 9, 12, 
None, 895.4490, 2004, 92047, L22374_NoorS_2004_res9-S7_fr1, 92324235, 9, 12, 
None, 895.9861, 2004, 92047, L22374_NoorS_2004_res9-S7_fr1, 92324236, 9, 12, 
None, 900.0684, 2004, 92047, L22374_NoorS_2004_res9-S7_fr1, 92324237, 9, 12, 
None, 901.2755, 2004, 92047, L22374_NoorS_2004_res9-S7_fr1, 92324238, 9, 12, 
None, 901.7039, 2004, 92047, L22374_NoorS_2004_res9-S7_fr1, 92324239, 9, 12, 
None, 902.9537, 2004, 92047, L22374_NoorS_2004_res9-S7_fr1, 92324240, 9, 12, 
None, 903.5396, 2004, 92047, L22374_NoorS_2004_res9-S7_fr1, 92324241, 9, 12, 
None, 904.7445, 2004, 92047, L22374_NoorS_2004_res9-S7_fr1, 92324242, 9, 12, 
NH2-GSGGGSSGGSIGGRGSSSGGVK-COOH, 905.2613, 2004, 92047, L22374_NoorS_2004_res9-S7_fr1, 92324243, 9, 12, 
None, 905.8327, 2004, 92047, L22374_NoorS_2004_res9-S7_fr1, 92324244, 9, 12, 
None, 906.4144, 2004, 92047, L22374_NoorS_2004_res9-S7_fr1, 92324245, 9, 12, 
None, 906.9377, 2004, 92047, L22374_NoorS_2004_res9-S7_fr1, 92324246, 9, 12, 
NH2-GSGGGSSGGSIGGRGSSSGGVK-COOH, 908.1464, 2004, 92047, L22374_NoorS_2004_res9-S7_fr1, 92324247, 9, 12, 
None, 908.7105, 2004, 92047, L22374_NoorS_2004_res9-S7_fr1, 92324248, 9, 12, 
None, 909.9209, 2004, 92047, L22374_NoorS_2004_res9-S7_fr1, 92324249, 9, 12, 
None, 910.4412, 2004, 92047, L22374_NoorS_2004_res9-S7_fr1, 92324250, 9, 12, 
None, 910.9576, 2004, 92047, L22374_NoorS_2004_res9-S7_fr1, 92324251, 9, 12, 
None, 912.2217, 2004, 92047, L22374_NoorS_2004_res9-S7_fr1, 92324252, 9, 12, 
None, 912.7968, 2004, 92047, L22374_NoorS_2004_res9-S7_fr1, 92324253, 9, 12, 
None, 913.3796, 2004, 92047, L22374_NoorS_2004_res9-S7_fr1, 92324254, 9, 12, 
None, 913.9042, 2004, 92047, L22374_NoorS_2004_res9-S7_fr1, 92324255, 9, 12, 
None, 914.4309, 2004, 92047, L22374_NoorS_2004_res9-S7_fr1, 92324256, 9, 12, 
None, 915.6586, 2004, 92047, L22374_NoorS_2004_res9-S7_fr1, 92324257, 9, 12, 
None, 916.2081, 2004, 92047, L22374_NoorS_2004_res9-S7_fr1, 92324258, 9, 12, 
None, 916.7338, 2004, 92047, L22374_NoorS_2004_res9-S7_fr1, 92324259, 9, 12, 
None, 917.3019, 2004, 92047, L22374_NoorS_2004_res9-S7_fr1, 92324260, 9, 12, 
None, 918.5387, 2004, 92047, L22374_NoorS_2004_res9-S7_fr1, 92324261, 9, 12, 
None, 919.0698, 2004, 92047, L22374_NoorS_2004_res9-S7_fr1, 92324262, 9, 12, 
None, 919.5927, 2004, 92047, L22374_NoorS_2004_res9-S7_fr1, 92324263, 9, 12, 
None, 920.8495, 2004, 92047, L22374_NoorS_2004_res9-S7_fr1, 92324264, 9, 12, 
None, 921.3978, 2004, 92047, L22374_NoorS_2004_res9-S7_fr1, 92324265, 9, 12, 
None, 922.6524, 2004, 92047, L22374_NoorS_2004_res9-S7_fr1, 92324266, 9, 12, 
None, 922.6524, 2004, 92047, L22374_NoorS_2004_res9-S7_fr1, 92324267, 9, 12, 
None, 923.9279, 2004, 92047, L22374_NoorS_2004_res9-S7_fr1, 92324268, 9, 12, 
None, 924.4445, 2004, 92047, L22374_NoorS_2004_res9-S7_fr1, 92324269, 9, 12, 
None, 924.9864, 2004, 92047, L22374_NoorS_2004_res9-S7_fr1, 92324270, 9, 12, 
None, 925.5676, 2004, 92047, L22374_NoorS_2004_res9-S7_fr1, 92324271, 9, 12, 
None, 926.7808, 2004, 92047, L22374_NoorS_2004_res9-S7_fr1, 92324272, 9, 12, 
None, 927.1728, 2004, 92047, L22374_NoorS_2004_res9-S7_fr1, 92324273, 9, 12, 
None, 927.7145, 2004, 92047, L22374_NoorS_2004_res9-S7_fr1, 92324274, 9, 12, 
None, 928.2555, 2004, 92047, L22374_NoorS_2004_res9-S7_fr1, 92324275, 9, 12, 
None, 928.7991, 2004, 92047, L22374_NoorS_2004_res9-S7_fr1, 92324276, 9, 12, 
None, 930.0373, 2004, 92047, L22374_NoorS_2004_res9-S7_fr1, 92324277, 9, 12, 
None, 930.6022, 2004, 92047, L22374_NoorS_2004_res9-S7_fr1, 92324278, 9, 12, 
None, 931.1630, 2004, 92047, L22374_NoorS_2004_res9-S7_fr1, 92324279, 9, 12, 
None, 931.6949, 2004, 92047, L22374_NoorS_2004_res9-S7_fr1, 92324280, 9, 12, 
None, 933.5090, 2004, 92047, L22374_NoorS_2004_res9-S7_fr1, 92324281, 9, 12, 
None, 934.0293, 2004, 92047, L22374_NoorS_2004_res9-S7_fr1, 92324282, 9, 12, 
None, 934.5733, 2004, 92047, L22374_NoorS_2004_res9-S7_fr1, 92324283, 9, 12, 
NH2-GSRGGSGGSYGGGGSGGGYGGGSGSR-COOH, 935.8092, 2004, 92047, L22374_NoorS_2004_res9-S7_fr1, 92324284, 9, 12, 
NH2-GSRGGSGGSYGGGGSGGGYGGGSGSR-COOH, 936.2919, 2004, 92047, L22374_NoorS_2004_res9-S7_fr1, 92324285, 9, 12, 
None, 937.5634, 2004, 92047, L22374_NoorS_2004_res9-S7_fr1, 92324286, 9, 12, 
None, 938.1412, 2004, 92047, L22374_NoorS_2004_res9-S7_fr1, 92324287, 9, 12, 
None, 938.6787, 2004, 92047, L22374_NoorS_2004_res9-S7_fr1, 92324288, 9, 12, 
None, 939.2159, 2004, 92047, L22374_NoorS_2004_res9-S7_fr1, 92324289, 9, 12, 
None, 940.4375, 2004, 92047, L22374_NoorS_2004_res9-S7_fr1, 92324290, 9, 12, 
None, 940.9321, 2004, 92047, L22374_NoorS_2004_res9-S7_fr1, 92324291, 9, 12, 
None, 941.4550, 2004, 92047, L22374_NoorS_2004_res9-S7_fr1, 92324292, 9, 12, 
None, 941.9960, 2004, 92047, L22374_NoorS_2004_res9-S7_fr1, 92324293, 9, 12, 
None, 942.5167, 2004, 92047, L22374_NoorS_2004_res9-S7_fr1, 92324294, 9, 12, 
None, 943.7964, 2004, 92047, L22374_NoorS_2004_res9-S7_fr1, 92324295, 9, 12, 
None, 944.2611, 2004, 92047, L22374_NoorS_2004_res9-S7_fr1, 92324296, 9, 12, 
None, 944.8241, 2004, 92047, L22374_NoorS_2004_res9-S7_fr1, 92324297, 9, 12, 
None, 945.3594, 2004, 92047, L22374_NoorS_2004_res9-S7_fr1, 92324298, 9, 12, 
None, 945.9366, 2004, 92047, L22374_NoorS_2004_res9-S7_fr1, 92324299, 9, 12, 
NH2-GPYESGSGHSSGLGHR-COOH, 947.1625, 2004, 92047, L22374_NoorS_2004_res9-S7_fr1, 92324300, 9, 12, 
None, 947.7158, 2004, 92047, L22374_NoorS_2004_res9-S7_fr1, 92324301, 9, 12, 
None, 948.2537, 2004, 92047, L22374_NoorS_2004_res9-S7_fr1, 92324302, 9, 12, 
None, 949.4603, 2004, 92047, L22374_NoorS_2004_res9-S7_fr1, 92324303, 9, 12, 
None, 950.0385, 2004, 92047, L22374_NoorS_2004_res9-S7_fr1, 92324304, 9, 12, 
None, 951.2670, 2004, 92047, L22374_NoorS_2004_res9-S7_fr1, 92324305, 9, 12, 
None, 951.7879, 2004, 92047, L22374_NoorS_2004_res9-S7_fr1, 92324306, 9, 12, 
None, 952.3109, 2004, 92047, L22374_NoorS_2004_res9-S7_fr1, 92324307, 9, 12, 
None, 952.8854, 2004, 92047, L22374_NoorS_2004_res9-S7_fr1, 92324308, 9, 12, 
None, 953.4378, 2004, 92047, L22374_NoorS_2004_res9-S7_fr1, 92324309, 9, 12, 
None, 954.6543, 2004, 92047, L22374_NoorS_2004_res9-S7_fr1, 92324310, 9, 12, 
None, 955.1378, 2004, 92047, L22374_NoorS_2004_res9-S7_fr1, 92324311, 9, 12, 
None, 955.6739, 2004, 92047, L22374_NoorS_2004_res9-S7_fr1, 92324312, 9, 12, 
None, 956.2022, 2004, 92047, L22374_NoorS_2004_res9-S7_fr1, 92324313, 9, 12, 
None, 956.7510, 2004, 92047, L22374_NoorS_2004_res9-S7_fr1, 92324314, 9, 12, 
None, 957.9989, 2004, 92047, L22374_NoorS_2004_res9-S7_fr1, 92324315, 9, 12, 
None, 958.3975, 2004, 92047, L22374_NoorS_2004_res9-S7_fr1, 92324316, 9, 12, 
None, 958.9192, 2004, 92047, L22374_NoorS_2004_res9-S7_fr1, 92324317, 9, 12, 
None, 959.4890, 2004, 92047, L22374_NoorS_2004_res9-S7_fr1, 92324318, 9, 12, 
None, 960.0200, 2004, 92047, L22374_NoorS_2004_res9-S7_fr1, 92324319, 9, 12, 
None, 961.2348, 2004, 92047, L22374_NoorS_2004_res9-S7_fr1, 92324320, 9, 12, 
None, 961.7221, 2004, 92047, L22374_NoorS_2004_res9-S7_fr1, 92324321, 9, 12, 
None, 962.2782, 2004, 92047, L22374_NoorS_2004_res9-S7_fr1, 92324322, 9, 12, 
None, 962.8008, 2004, 92047, L22374_NoorS_2004_res9-S7_fr1, 92324323, 9, 12, 
None, 963.3409, 2004, 92047, L22374_NoorS_2004_res9-S7_fr1, 92324324, 9, 12, 
None, 964.5818, 2004, 92047, L22374_NoorS_2004_res9-S7_fr1, 92324325, 9, 12, 
None, 965.1167, 2004, 92047, L22374_NoorS_2004_res9-S7_fr1, 92324326, 9, 12, 
None, 965.6487, 2004, 92047, L22374_NoorS_2004_res9-S7_fr1, 92324327, 9, 12, 
None, 966.1740, 2004, 92047, L22374_NoorS_2004_res9-S7_fr1, 92324328, 9, 12, 
None, 966.7009, 2004, 92047, L22374_NoorS_2004_res9-S7_fr1, 92324329, 9, 12, 
None, 967.8633, 2004, 92047, L22374_NoorS_2004_res9-S7_fr1, 92324330, 9, 12, 
None, 968.1328, 2004, 92047, L22374_NoorS_2004_res9-S7_fr1, 92324331, 9, 12, 
None, 968.4372, 2004, 92047, L22374_NoorS_2004_res9-S7_fr1, 92324332, 9, 12, 
None, 968.9624, 2004, 92047, L22374_NoorS_2004_res9-S7_fr1, 92324333, 9, 12, 
None, 969.4028, 2004, 92047, L22374_NoorS_2004_res9-S7_fr1, 92324334, 9, 12, 
None, 970.5631, 2004, 92047, L22374_NoorS_2004_res9-S7_fr1, 92324335, 9, 12, 
None, 971.0238, 2004, 92047, L22374_NoorS_2004_res9-S7_fr1, 92324336, 9, 12, 
None, 971.5500, 2004, 92047, L22374_NoorS_2004_res9-S7_fr1, 92324337, 9, 12, 
None, 972.0819, 2004, 92047, L22374_NoorS_2004_res9-S7_fr1, 92324338, 9, 12, 
NH2-QSGSRGGSGGGGSISGGGYGSGGGSGGR-COOH, 972.6120, 2004, 92047, L22374_NoorS_2004_res9-S7_fr1, 92324339, 9, 12, 
NH2-Q<Pyr>SLGHGQHGSGSGQSPSPSR-COOH, 973.7196, 2004, 92047, L22374_NoorS_2004_res9-S7_fr1, 92324340, 9, 12, 
None, 974.8204, 2004, 92047, L22374_NoorS_2004_res9-S7_fr1, 92324341, 9, 12, 
None, 975.3597, 2004, 92047, L22374_NoorS_2004_res9-S7_fr1, 92324342, 9, 12, 
None, 975.9345, 2004, 92047, L22374_NoorS_2004_res9-S7_fr1, 92324343, 9, 12, 
None, 976.9977, 2004, 92047, L22374_NoorS_2004_res9-S7_fr1, 92324344, 9, 12, 
None, 977.3883, 2004, 92047, L22374_NoorS_2004_res9-S7_fr1, 92324345, 9, 12, 
None, 977.9317, 2004, 92047, L22374_NoorS_2004_res9-S7_fr1, 92324346, 9, 12, 
None, 978.4755, 2004, 92047, L22374_NoorS_2004_res9-S7_fr1, 92324347, 9, 12, 
None, 979.0000, 2004, 92047, L22374_NoorS_2004_res9-S7_fr1, 92324348, 9, 12, 
None, 980.1562, 2004, 92047, L22374_NoorS_2004_res9-S7_fr1, 92324349, 9, 12, 
None, 980.4824, 2004, 92047, L22374_NoorS_2004_res9-S7_fr1, 92324350, 9, 12, 
None, 980.8563, 2004, 92047, L22374_NoorS_2004_res9-S7_fr1, 92324351, 9, 12, 
None, 981.4026, 2004, 92047, L22374_NoorS_2004_res9-S7_fr1, 92324352, 9, 12, 
None, 981.9388, 2004, 92047, L22374_NoorS_2004_res9-S7_fr1, 92324353, 9, 12, 
None, 983.0536, 2004, 92047, L22374_NoorS_2004_res9-S7_fr1, 92324354, 9, 12, 
None, 983.5693, 2004, 92047, L22374_NoorS_2004_res9-S7_fr1, 92324355, 9, 12, 
None, 984.0915, 2004, 92047, L22374_NoorS_2004_res9-S7_fr1, 92324356, 9, 12, 
None, 984.6140, 2004, 92047, L22374_NoorS_2004_res9-S7_fr1, 92324357, 9, 12, 
None, 985.1835, 2004, 92047, L22374_NoorS_2004_res9-S7_fr1, 92324358, 9, 12, 
None, 986.4452, 2004, 92047, L22374_NoorS_2004_res9-S7_fr1, 92324359, 9, 12, 
NH2-GGSGGSYGGGGSGGGYGGGSGSR-COOH, 986.7908, 2004, 92047, L22374_NoorS_2004_res9-S7_fr1, 92324360, 9, 12, 
None, 987.1979, 2004, 92047, L22374_NoorS_2004_res9-S7_fr1, 92324361, 9, 12, 
None, 987.5324, 2004, 92047, L22374_NoorS_2004_res9-S7_fr1, 92324362, 9, 12, 
None, 988.0745, 2004, 92047, L22374_NoorS_2004_res9-S7_fr1, 92324363, 9, 12, 
None, 989.1991, 2004, 92047, L22374_NoorS_2004_res9-S7_fr1, 92324364, 9, 12, 
None, 989.6659, 2004, 92047, L22374_NoorS_2004_res9-S7_fr1, 92324365, 9, 12, 
None, 990.1927, 2004, 92047, L22374_NoorS_2004_res9-S7_fr1, 92324366, 9, 12, 
None, 990.7443, 2004, 92047, L22374_NoorS_2004_res9-S7_fr1, 92324367, 9, 12, 
None, 991.2703, 2004, 92047, L22374_NoorS_2004_res9-S7_fr1, 92324368, 9, 12, 
None, 992.4634, 2004, 92047, L22374_NoorS_2004_res9-S7_fr1, 92324369, 9, 12, 
None, 992.8318, 2004, 92047, L22374_NoorS_2004_res9-S7_fr1, 92324370, 9, 12, 
None, 993.3731, 2004, 92047, L22374_NoorS_2004_res9-S7_fr1, 92324371, 9, 12, 
None, 993.9178, 2004, 92047, L22374_NoorS_2004_res9-S7_fr1, 92324372, 9, 12, 
None, 994.4842, 2004, 92047, L22374_NoorS_2004_res9-S7_fr1, 92324373, 9, 12, 
NH2-GSSSGGGYSSGSSSYGSGGR-COOH, 995.6303, 2004, 92047, L22374_NoorS_2004_res9-S7_fr1, 92324374, 9, 12, 
None, 996.0914, 2004, 92047, L22374_NoorS_2004_res9-S7_fr1, 92324375, 9, 12, 
None, 996.6603, 2004, 92047, L22374_NoorS_2004_res9-S7_fr1, 92324376, 9, 12, 
None, 997.1987, 2004, 92047, L22374_NoorS_2004_res9-S7_fr1, 92324377, 9, 12, 
None, 997.7540, 2004, 92047, L22374_NoorS_2004_res9-S7_fr1, 92324378, 9, 12, 
None, 998.9998, 2004, 92047, L22374_NoorS_2004_res9-S7_fr1, 92324379, 9, 12, 
None, 999.5407, 2004, 92047, L22374_NoorS_2004_res9-S7_fr1, 92324380, 9, 12, 
None, 1000.1183, 2004, 92047, L22374_NoorS_2004_res9-S7_fr1, 92324381, 9, 12, 
None, 1000.6428, 2004, 92047, L22374_NoorS_2004_res9-S7_fr1, 92324382, 9, 12, 
None, 1001.1890, 2004, 92047, L22374_NoorS_2004_res9-S7_fr1, 92324383, 9, 12, 
None, 1002.4236, 2004, 92047, L22374_NoorS_2004_res9-S7_fr1, 92324384, 9, 12, 
None, 1002.7668, 2004, 92047, L22374_NoorS_2004_res9-S7_fr1, 92324385, 9, 12, 
None, 1003.2421, 2004, 92047, L22374_NoorS_2004_res9-S7_fr1, 92324386, 9, 12, 
None, 1003.7798, 2004, 92047, L22374_NoorS_2004_res9-S7_fr1, 92324387, 9, 12, 
None, 1004.2691, 2004, 92047, L22374_NoorS_2004_res9-S7_fr1, 92324388, 9, 12, 
None, 1005.8751, 2004, 92047, L22374_NoorS_2004_res9-S7_fr1, 92324389, 9, 12, 
None, 1006.3809, 2004, 92047, L22374_NoorS_2004_res9-S7_fr1, 92324390, 9, 12, 
None, 1006.9424, 2004, 92047, L22374_NoorS_2004_res9-S7_fr1, 92324391, 9, 12, 
None, 1007.5025, 2004, 92047, L22374_NoorS_2004_res9-S7_fr1, 92324392, 9, 12, 
NH2-SKEEAEALYHSK-COOH, 1008.7105, 2004, 92047, L22374_NoorS_2004_res9-S7_fr1, 92324393, 9, 12, 
None, 1009.0643, 2004, 92047, L22374_NoorS_2004_res9-S7_fr1, 92324394, 9, 12, 
None, 1009.4841, 2004, 92047, L22374_NoorS_2004_res9-S7_fr1, 92324395, 9, 12, 
NH2-SKEEAEALYHSK-COOH, 1009.8999, 2004, 92047, L22374_NoorS_2004_res9-S7_fr1, 92324396, 9, 12, 
None, 1010.4440, 2004, 92047, L22374_NoorS_2004_res9-S7_fr1, 92324397, 9, 12, 
NH2-FSSSSGYGGGSSR-COOH, 1011.5745, 2004, 92047, L22374_NoorS_2004_res9-S7_fr1, 92324398, 9, 12, 
None, 1011.8791, 2004, 92047, L22374_NoorS_2004_res9-S7_fr1, 92324399, 9, 12, 
None, 1012.1761, 2004, 92047, L22374_NoorS_2004_res9-S7_fr1, 92324400, 9, 12, 
NH2-VQVEYKGETK-COOH, 1012.7177, 2004, 92047, L22374_NoorS_2004_res9-S7_fr1, 92324401, 9, 12, 
None, 1013.2503, 2004, 92047, L22374_NoorS_2004_res9-S7_fr1, 92324402, 9, 12, 
None, 1014.3749, 2004, 92047, L22374_NoorS_2004_res9-S7_fr1, 92324403, 9, 12, 
None, 1014.9152, 2004, 92047, L22374_NoorS_2004_res9-S7_fr1, 92324404, 9, 12, 
None, 1015.4133, 2004, 92047, L22374_NoorS_2004_res9-S7_fr1, 92324405, 9, 12, 
None, 1015.9360, 2004, 92047, L22374_NoorS_2004_res9-S7_fr1, 92324406, 9, 12, 
None, 1016.4625, 2004, 92047, L22374_NoorS_2004_res9-S7_fr1, 92324407, 9, 12, 
None, 1017.5638, 2004, 92047, L22374_NoorS_2004_res9-S7_fr1, 92324408, 9, 12, 
None, 1017.9674, 2004, 92047, L22374_NoorS_2004_res9-S7_fr1, 92324409, 9, 12, 
None, 1018.5339, 2004, 92047, L22374_NoorS_2004_res9-S7_fr1, 92324410, 9, 12, 
None, 1019.0586, 2004, 92047, L22374_NoorS_2004_res9-S7_fr1, 92324411, 9, 12, 
None, 1019.5961, 2004, 92047, L22374_NoorS_2004_res9-S7_fr1, 92324412, 9, 12, 
None, 1020.6693, 2004, 92047, L22374_NoorS_2004_res9-S7_fr1, 92324413, 9, 12, 
None, 1020.9896, 2004, 92047, L22374_NoorS_2004_res9-S7_fr1, 92324414, 9, 12, 
None, 1021.5253, 2004, 92047, L22374_NoorS_2004_res9-S7_fr1, 92324415, 9, 12, 
None, 1022.0584, 2004, 92047, L22374_NoorS_2004_res9-S7_fr1, 92324416, 9, 12, 
None, 1022.6099, 2004, 92047, L22374_NoorS_2004_res9-S7_fr1, 92324417, 9, 12, 
NH2-GGSGGGGSISGGGYGSGGGSGGR-COOH, 1023.7565, 2004, 92047, L22374_NoorS_2004_res9-S7_fr1, 92324418, 9, 12, 
None, 1024.3163, 2004, 92047, L22374_NoorS_2004_res9-S7_fr1, 92324419, 9, 12, 
None, 1024.8618, 2004, 92047, L22374_NoorS_2004_res9-S7_fr1, 92324420, 9, 12, 
None, 1025.3914, 2004, 92047, L22374_NoorS_2004_res9-S7_fr1, 92324421, 9, 12, 
None, 1025.9298, 2004, 92047, L22374_NoorS_2004_res9-S7_fr1, 92324422, 9, 12, 
NH2-NKYEDEINK-COOH, 1027.4129, 2004, 92047, L22374_NoorS_2004_res9-S7_fr1, 92324423, 9, 12, 
None, 1027.8814, 2004, 92047, L22374_NoorS_2004_res9-S7_fr1, 92324424, 9, 12, 
None, 1028.4068, 2004, 92047, L22374_NoorS_2004_res9-S7_fr1, 92324425, 9, 12, 
None, 1028.9518, 2004, 92047, L22374_NoorS_2004_res9-S7_fr1, 92324426, 9, 12, 
None, 1029.9482, 2004, 92047, L22374_NoorS_2004_res9-S7_fr1, 92324427, 9, 12, 
None, 1030.4917, 2004, 92047, L22374_NoorS_2004_res9-S7_fr1, 92324428, 9, 12, 
None, 1031.0121, 2004, 92047, L22374_NoorS_2004_res9-S7_fr1, 92324429, 9, 12, 
NH2-NKYEDEINK-COOH, 1031.5857, 2004, 92047, L22374_NoorS_2004_res9-S7_fr1, 92324430, 9, 12, 
None, 1032.1226, 2004, 92047, L22374_NoorS_2004_res9-S7_fr1, 92324431, 9, 12, 
None, 1033.3382, 2004, 92047, L22374_NoorS_2004_res9-S7_fr1, 92324432, 9, 12, 
None, 1033.8595, 2004, 92047, L22374_NoorS_2004_res9-S7_fr1, 92324433, 9, 12, 
None, 1034.3966, 2004, 92047, L22374_NoorS_2004_res9-S7_fr1, 92324434, 9, 12, 
None, 1034.9160, 2004, 92047, L22374_NoorS_2004_res9-S7_fr1, 92324435, 9, 12, 
None, 1035.4505, 2004, 92047, L22374_NoorS_2004_res9-S7_fr1, 92324436, 9, 12, 
None, 1036.6052, 2004, 92047, L22374_NoorS_2004_res9-S7_fr1, 92324437, 9, 12, 
None, 1037.4950, 2004, 92047, L22374_NoorS_2004_res9-S7_fr1, 92324438, 9, 12, 
None, 1037.9464, 2004, 92047, L22374_NoorS_2004_res9-S7_fr1, 92324439, 9, 12, 
None, 1038.4791, 2004, 92047, L22374_NoorS_2004_res9-S7_fr1, 92324440, 9, 12, 
None, 1039.5545, 2004, 92047, L22374_NoorS_2004_res9-S7_fr1, 92324441, 9, 12, 
None, 1039.8401, 2004, 92047, L22374_NoorS_2004_res9-S7_fr1, 92324442, 9, 12, 
None, 1040.3677, 2004, 92047, L22374_NoorS_2004_res9-S7_fr1, 92324443, 9, 12, 
None, 1040.8693, 2004, 92047, L22374_NoorS_2004_res9-S7_fr1, 92324444, 9, 12, 
None, 1041.4336, 2004, 92047, L22374_NoorS_2004_res9-S7_fr1, 92324445, 9, 12, 
NH2-VAQGVSGAVQDK-COOH, 1042.6535, 2004, 92047, L22374_NoorS_2004_res9-S7_fr1, 92324446, 9, 12, 
NH2-EVFTSSSSSSSR-COOH, 1043.1849, 2004, 92047, L22374_NoorS_2004_res9-S7_fr1, 92324447, 9, 12, 
None, 1043.7277, 2004, 92047, L22374_NoorS_2004_res9-S7_fr1, 92324448, 9, 12, 
NH2-FGDSNTVM<Mox>R-COOH, 1044.2430, 2004, 92047, L22374_NoorS_2004_res9-S7_fr1, 92324449, 9, 12, 
None, 1044.7724, 2004, 92047, L22374_NoorS_2004_res9-S7_fr1, 92324450, 9, 12, 
None, 1045.8450, 2004, 92047, L22374_NoorS_2004_res9-S7_fr1, 92324451, 9, 12, 
NH2-LQGEIAHVK-COOH, 1046.1937, 2004, 92047, L22374_NoorS_2004_res9-S7_fr1, 92324452, 9, 12, 
NH2-SKAEAESLYQSK-COOH, 1046.5489, 2004, 92047, L22374_NoorS_2004_res9-S7_fr1, 92324453, 9, 12, 
NH2-SKAEAESLYQSK-COOH, 1046.9396, 2004, 92047, L22374_NoorS_2004_res9-S7_fr1, 92324454, 9, 12, 
None, 1047.2556, 2004, 92047, L22374_NoorS_2004_res9-S7_fr1, 92324455, 9, 12, 
None, 1048.2961, 2004, 92047, L22374_NoorS_2004_res9-S7_fr1, 92324456, 9, 12, 
None, 1048.7012, 2004, 92047, L22374_NoorS_2004_res9-S7_fr1, 92324457, 9, 12, 
None, 1049.2700, 2004, 92047, L22374_NoorS_2004_res9-S7_fr1, 92324458, 9, 12, 
None, 1049.6880, 2004, 92047, L22374_NoorS_2004_res9-S7_fr1, 92324459, 9, 12, 
None, 1050.2452, 2004, 92047, L22374_NoorS_2004_res9-S7_fr1, 92324460, 9, 12, 
None, 1051.2510, 2004, 92047, L22374_NoorS_2004_res9-S7_fr1, 92324461, 9, 12, 
None, 1051.6264, 2004, 92047, L22374_NoorS_2004_res9-S7_fr1, 92324462, 9, 12, 
None, 1052.1705, 2004, 92047, L22374_NoorS_2004_res9-S7_fr1, 92324463, 9, 12, 
None, 1052.6785, 2004, 92047, L22374_NoorS_2004_res9-S7_fr1, 92324464, 9, 12, 
None, 1053.2399, 2004, 92047, L22374_NoorS_2004_res9-S7_fr1, 92324465, 9, 12, 
NH2-LRSEIDNVK-COOH, 1054.2576, 2004, 92047, L22374_NoorS_2004_res9-S7_fr1, 92324466, 9, 12, 
None, 1054.5780, 2004, 92047, L22374_NoorS_2004_res9-S7_fr1, 92324467, 9, 12, 
None, 1054.8851, 2004, 92047, L22374_NoorS_2004_res9-S7_fr1, 92324468, 9, 12, 
None, 1055.2932, 2004, 92047, L22374_NoorS_2004_res9-S7_fr1, 92324469, 9, 12, 
None, 1055.6176, 2004, 92047, L22374_NoorS_2004_res9-S7_fr1, 92324470, 9, 12, 
None, 1056.4762, 2004, 92047, L22374_NoorS_2004_res9-S7_fr1, 92324471, 9, 12, 
None, 1057.4543, 2004, 92047, L22374_NoorS_2004_res9-S7_fr1, 92324472, 9, 12, 
None, 1057.8530, 2004, 92047, L22374_NoorS_2004_res9-S7_fr1, 92324473, 9, 12, 
None, 1058.3747, 2004, 92047, L22374_NoorS_2004_res9-S7_fr1, 92324474, 9, 12, 
None, 1059.5731, 2004, 92047, L22374_NoorS_2004_res9-S7_fr1, 92324475, 9, 12, 
None, 1060.1009, 2004, 92047, L22374_NoorS_2004_res9-S7_fr1, 92324476, 9, 12, 
None, 1060.6319, 2004, 92047, L22374_NoorS_2004_res9-S7_fr1, 92324477, 9, 12, 
None, 1061.1988, 2004, 92047, L22374_NoorS_2004_res9-S7_fr1, 92324478, 9, 12, 
NH2-ENAGEDPGLAR-COOH, 1062.9105, 2004, 92047, L22374_NoorS_2004_res9-S7_fr1, 92324479, 9, 12, 
None, 1063.3022, 2004, 92047, L22374_NoorS_2004_res9-S7_fr1, 92324480, 9, 12, 
NH2-NFGEDM<Mox>DDER-COOH, 1063.8079, 2004, 92047, L22374_NoorS_2004_res9-S7_fr1, 92324481, 9, 12, 
None, 1064.3433, 2004, 92047, L22374_NoorS_2004_res9-S7_fr1, 92324482, 9, 12, 
None, 1064.8805, 2004, 92047, L22374_NoorS_2004_res9-S7_fr1, 92324483, 9, 12, 
None, 1065.9897, 2004, 92047, L22374_NoorS_2004_res9-S7_fr1, 92324484, 9, 12, 
None, 1066.3282, 2004, 92047, L22374_NoorS_2004_res9-S7_fr1, 92324485, 9, 12, 
None, 1066.8008, 2004, 92047, L22374_NoorS_2004_res9-S7_fr1, 92324486, 9, 12, 
None, 1067.3682, 2004, 92047, L22374_NoorS_2004_res9-S7_fr1, 92324487, 9, 12, 
None, 1067.9096, 2004, 92047, L22374_NoorS_2004_res9-S7_fr1, 92324488, 9, 12, 
None, 1069.1138, 2004, 92047, L22374_NoorS_2004_res9-S7_fr1, 92324489, 9, 12, 
None, 1069.6129, 2004, 92047, L22374_NoorS_2004_res9-S7_fr1, 92324490, 9, 12, 
None, 1070.1981, 2004, 92047, L22374_NoorS_2004_res9-S7_fr1, 92324491, 9, 12, 
None, 1070.7114, 2004, 92047, L22374_NoorS_2004_res9-S7_fr1, 92324492, 9, 12, 
None, 1071.2514, 2004, 92047, L22374_NoorS_2004_res9-S7_fr1, 92324493, 9, 12, 
NH2-SGGGGGGGLGSGGSIR-COOH, 1072.3755, 2004, 92047, L22374_NoorS_2004_res9-S7_fr1, 92324494, 9, 12, 
None, 1072.6368, 2004, 92047, L22374_NoorS_2004_res9-S7_fr1, 92324495, 9, 12, 
None, 1072.9776, 2004, 92047, L22374_NoorS_2004_res9-S7_fr1, 92324496, 9, 12, 
None, 1073.3934, 2004, 92047, L22374_NoorS_2004_res9-S7_fr1, 92324497, 9, 12, 
None, 1073.8218, 2004, 92047, L22374_NoorS_2004_res9-S7_fr1, 92324498, 9, 12, 
NH2-SQYEQLAEQNRK-COOH, 1074.7842, 2004, 92047, L22374_NoorS_2004_res9-S7_fr1, 92324499, 9, 12, 
None, 1075.3040, 2004, 92047, L22374_NoorS_2004_res9-S7_fr1, 92324500, 9, 12, 
None, 1075.8446, 2004, 92047, L22374_NoorS_2004_res9-S7_fr1, 92324501, 9, 12, 
NH2-EYQELM<Mox>NTK-COOH, 1076.3586, 2004, 92047, L22374_NoorS_2004_res9-S7_fr1, 92324502, 9, 12, 
None, 1076.8795, 2004, 92047, L22374_NoorS_2004_res9-S7_fr1, 92324503, 9, 12, 
None, 1077.9589, 2004, 92047, L22374_NoorS_2004_res9-S7_fr1, 92324504, 9, 12, 
None, 1078.3147, 2004, 92047, L22374_NoorS_2004_res9-S7_fr1, 92324505, 9, 12, 
None, 1078.8356, 2004, 92047, L22374_NoorS_2004_res9-S7_fr1, 92324506, 9, 12, 
None, 1079.3644, 2004, 92047, L22374_NoorS_2004_res9-S7_fr1, 92324507, 9, 12, 
None, 1079.8871, 2004, 92047, L22374_NoorS_2004_res9-S7_fr1, 92324508, 9, 12, 
None, 1080.8780, 2004, 92047, L22374_NoorS_2004_res9-S7_fr1, 92324509, 9, 12, 
None, 1081.1825, 2004, 92047, L22374_NoorS_2004_res9-S7_fr1, 92324510, 9, 12, 
None, 1081.7113, 2004, 92047, L22374_NoorS_2004_res9-S7_fr1, 92324511, 9, 12, 
None, 1082.2148, 2004, 92047, L22374_NoorS_2004_res9-S7_fr1, 92324512, 9, 12, 
None, 1082.7382, 2004, 92047, L22374_NoorS_2004_res9-S7_fr1, 92324513, 9, 12, 
NH2-GGGGGGYGSGGSSYGSGGGSYGSGGGGGGGR-COOH, 1083.7950, 2004, 92047, L22374_NoorS_2004_res9-S7_fr1, 92324514, 9, 12, 
NH2-STTTGHLIYK-COOH, 1084.0950, 2004, 92047, L22374_NoorS_2004_res9-S7_fr1, 92324515, 9, 12, 
NH2-AAFGGSGGRGSSSGGGYSSGSSSYGSGGR-COOH, 1084.5394, 2004, 92047, L22374_NoorS_2004_res9-S7_fr1, 92324516, 9, 12, 
None, 1085.1220, 2004, 92047, L22374_NoorS_2004_res9-S7_fr1, 92324517, 9, 12, 
None, 1085.5317, 2004, 92047, L22374_NoorS_2004_res9-S7_fr1, 92324518, 9, 12, 
NH2-GGGGGGYGSGGSSYGSGGGSYGSGGGGGGGR-COOH, 1086.5992, 2004, 92047, L22374_NoorS_2004_res9-S7_fr1, 92324519, 9, 12, 
None, 1087.0263, 2004, 92047, L22374_NoorS_2004_res9-S7_fr1, 92324520, 9, 12, 
None, 1087.6073, 2004, 92047, L22374_NoorS_2004_res9-S7_fr1, 92324521, 9, 12, 
None, 1088.0186, 2004, 92047, L22374_NoorS_2004_res9-S7_fr1, 92324522, 9, 12, 
None, 1088.3280, 2004, 92047, L22374_NoorS_2004_res9-S7_fr1, 92324523, 9, 12, 
None, 1089.3105, 2004, 92047, L22374_NoorS_2004_res9-S7_fr1, 92324524, 9, 12, 
NH2-STMQELNSR-COOH, 1089.8280, 2004, 92047, L22374_NoorS_2004_res9-S7_fr1, 92324525, 9, 12, 
None, 1090.1911, 2004, 92047, L22374_NoorS_2004_res9-S7_fr1, 92324526, 9, 12, 
None, 1090.7165, 2004, 92047, L22374_NoorS_2004_res9-S7_fr1, 92324527, 9, 12, 
None, 1091.2311, 2004, 92047, L22374_NoorS_2004_res9-S7_fr1, 92324528, 9, 12, 
None, 1092.3231, 2004, 92047, L22374_NoorS_2004_res9-S7_fr1, 92324529, 9, 12, 
NH2-AAAAAAALQAK-COOH, 1092.8356, 2004, 92047, L22374_NoorS_2004_res9-S7_fr1, 92324530, 9, 12, 
None, 1093.6997, 2004, 92047, L22374_NoorS_2004_res9-S7_fr1, 92324531, 9, 12, 
None, 1094.0436, 2004, 92047, L22374_NoorS_2004_res9-S7_fr1, 92324532, 9, 12, 
None, 1095.0109, 2004, 92047, L22374_NoorS_2004_res9-S7_fr1, 92324533, 9, 12, 
None, 1095.3967, 2004, 92047, L22374_NoorS_2004_res9-S7_fr1, 92324534, 9, 12, 
None, 1095.9168, 2004, 92047, L22374_NoorS_2004_res9-S7_fr1, 92324535, 9, 12, 
None, 1096.4480, 2004, 92047, L22374_NoorS_2004_res9-S7_fr1, 92324536, 9, 12, 
None, 1096.9906, 2004, 92047, L22374_NoorS_2004_res9-S7_fr1, 92324537, 9, 12, 
NH2-NM<Mox>QDM<Mox>VEDYR-COOH, 1098.0403, 2004, 92047, L22374_NoorS_2004_res9-S7_fr1, 92324538, 9, 12, 
None, 1098.3470, 2004, 92047, L22374_NoorS_2004_res9-S7_fr1, 92324539, 9, 12, 
None, 1099.1743, 2004, 92047, L22374_NoorS_2004_res9-S7_fr1, 92324540, 9, 12, 
None, 1099.5848, 2004, 92047, L22374_NoorS_2004_res9-S7_fr1, 92324541, 9, 12, 
NH2-FEM<Mox>EQNLR-COOH, 1101.0830, 2004, 92047, L22374_NoorS_2004_res9-S7_fr1, 92324542, 9, 12, 
NH2-YEELQQTAGR-COOH, 1101.4927, 2004, 92047, L22374_NoorS_2004_res9-S7_fr1, 92324543, 9, 12, 
None, 1101.9255, 2004, 92047, L22374_NoorS_2004_res9-S7_fr1, 92324544, 9, 12, 
None, 1102.4394, 2004, 92047, L22374_NoorS_2004_res9-S7_fr1, 92324545, 9, 12, 
None, 1103.3046, 2004, 92047, L22374_NoorS_2004_res9-S7_fr1, 92324546, 9, 12, 
None, 1103.8520, 2004, 92047, L22374_NoorS_2004_res9-S7_fr1, 92324547, 9, 12, 
None, 1104.2771, 2004, 92047, L22374_NoorS_2004_res9-S7_fr1, 92324548, 9, 12, 
None, 1105.3314, 2004, 92047, L22374_NoorS_2004_res9-S7_fr1, 92324549, 9, 12, 
NH2-AQYEDIAQK-COOH, 1106.1977, 2004, 92047, L22374_NoorS_2004_res9-S7_fr1, 92324550, 9, 12, 
None, 1106.5150, 2004, 92047, L22374_NoorS_2004_res9-S7_fr1, 92324551, 9, 12, 
NH2-AGFAGDDAPR-COOH, 1106.9569, 2004, 92047, L22374_NoorS_2004_res9-S7_fr1, 92324552, 9, 12, 
None, 1107.4584, 2004, 92047, L22374_NoorS_2004_res9-S7_fr1, 92324553, 9, 12, 
None, 1107.9860, 2004, 92047, L22374_NoorS_2004_res9-S7_fr1, 92324554, 9, 12, 
None, 1109.0849, 2004, 92047, L22374_NoorS_2004_res9-S7_fr1, 92324555, 9, 12, 
None, 1109.4785, 2004, 92047, L22374_NoorS_2004_res9-S7_fr1, 92324556, 9, 12, 
None, 1110.0207, 2004, 92047, L22374_NoorS_2004_res9-S7_fr1, 92324557, 9, 12, 
None, 1110.5174, 2004, 92047, L22374_NoorS_2004_res9-S7_fr1, 92324558, 9, 12, 
None, 1111.0965, 2004, 92047, L22374_NoorS_2004_res9-S7_fr1, 92324559, 9, 12, 
None, 1112.0902, 2004, 92047, L22374_NoorS_2004_res9-S7_fr1, 92324560, 9, 12, 
None, 1112.5573, 2004, 92047, L22374_NoorS_2004_res9-S7_fr1, 92324561, 9, 12, 
None, 1113.1066, 2004, 92047, L22374_NoorS_2004_res9-S7_fr1, 92324562, 9, 12, 
None, 1113.6187, 2004, 92047, L22374_NoorS_2004_res9-S7_fr1, 92324563, 9, 12, 
None, 1114.1510, 2004, 92047, L22374_NoorS_2004_res9-S7_fr1, 92324564, 9, 12, 
None, 1115.2165, 2004, 92047, L22374_NoorS_2004_res9-S7_fr1, 92324565, 9, 12, 
NH2-GSYGSGGSSYGSGGGSYGSGGGGGGHGSYGSGSSSGGYR-COOH, 1115.5599, 2004, 92047, L22374_NoorS_2004_res9-S7_fr1, 92324566, 9, 12, 
None, 1115.9765, 2004, 92047, L22374_NoorS_2004_res9-S7_fr1, 92324567, 9, 12, 
None, 1116.4136, 2004, 92047, L22374_NoorS_2004_res9-S7_fr1, 92324568, 9, 12, 
None, 1116.9296, 2004, 92047, L22374_NoorS_2004_res9-S7_fr1, 92324569, 9, 12, 
NH2-GGSGGSHGGGSGFGGESGGSYGGGEEASGSGGGYGGGSGK-COOH, 1117.9312, 2004, 92047, L22374_NoorS_2004_res9-S7_fr1, 92324570, 9, 12, 
None, 1118.2449, 2004, 92047, L22374_NoorS_2004_res9-S7_fr1, 92324571, 9, 12, 
None, 1118.6474, 2004, 92047, L22374_NoorS_2004_res9-S7_fr1, 92324572, 9, 12, 
None, 1119.1672, 2004, 92047, L22374_NoorS_2004_res9-S7_fr1, 92324573, 9, 12, 
NH2-AEAESLYQSK-COOH, 1119.5538, 2004, 92047, L22374_NoorS_2004_res9-S7_fr1, 92324574, 9, 12, 
NH2-HGGGGGGFGGGGFGSR-COOH, 1120.3211, 2004, 92047, L22374_NoorS_2004_res9-S7_fr1, 92324575, 9, 12, 
None, 1120.8684, 2004, 92047, L22374_NoorS_2004_res9-S7_fr1, 92324576, 9, 12, 
None, 1121.2866, 2004, 92047, L22374_NoorS_2004_res9-S7_fr1, 92324577, 9, 12, 
None, 1121.8024, 2004, 92047, L22374_NoorS_2004_res9-S7_fr1, 92324578, 9, 12, 
None, 1122.2935, 2004, 92047, L22374_NoorS_2004_res9-S7_fr1, 92324579, 9, 12, 
None, 1123.3429, 2004, 92047, L22374_NoorS_2004_res9-S7_fr1, 92324580, 9, 12, 
None, 1124.1162, 2004, 92047, L22374_NoorS_2004_res9-S7_fr1, 92324581, 9, 12, 
None, 1124.6828, 2004, 92047, L22374_NoorS_2004_res9-S7_fr1, 92324582, 9, 12, 
None, 1125.2532, 2004, 92047, L22374_NoorS_2004_res9-S7_fr1, 92324583, 9, 12, 
NH2-AQYEEIANR-COOH, 1126.2918, 2004, 92047, L22374_NoorS_2004_res9-S7_fr1, 92324584, 9, 12, 
None, 1126.6391, 2004, 92047, L22374_NoorS_2004_res9-S7_fr1, 92324585, 9, 12, 
None, 1127.6371, 2004, 92047, L22374_NoorS_2004_res9-S7_fr1, 92324586, 9, 12, 
None, 1128.2081, 2004, 92047, L22374_NoorS_2004_res9-S7_fr1, 92324587, 9, 12, 
None, 1129.1924, 2004, 92047, L22374_NoorS_2004_res9-S7_fr1, 92324588, 9, 12, 
None, 1129.7002, 2004, 92047, L22374_NoorS_2004_res9-S7_fr1, 92324589, 9, 12, 
None, 1130.2442, 2004, 92047, L22374_NoorS_2004_res9-S7_fr1, 92324590, 9, 12, 
None, 1130.7494, 2004, 92047, L22374_NoorS_2004_res9-S7_fr1, 92324591, 9, 12, 
None, 1131.2853, 2004, 92047, L22374_NoorS_2004_res9-S7_fr1, 92324592, 9, 12, 
NH2-DYQELM<Mox>NTK-COOH, 1132.3791, 2004, 92047, L22374_NoorS_2004_res9-S7_fr1, 92324593, 9, 12, 
NH2-AQYEEIAQR-COOH, 1132.6523, 2004, 92047, L22374_NoorS_2004_res9-S7_fr1, 92324594, 9, 12, 
None, 1132.9405, 2004, 92047, L22374_NoorS_2004_res9-S7_fr1, 92324595, 9, 12, 
None, 1133.2234, 2004, 92047, L22374_NoorS_2004_res9-S7_fr1, 92324596, 9, 12, 
NH2-EVASNSELVQSSR-COOH, 1134.4370, 2004, 92047, L22374_NoorS_2004_res9-S7_fr1, 92324597, 9, 12, 
None, 1134.9827, 2004, 92047, L22374_NoorS_2004_res9-S7_fr1, 92324598, 9, 12, 
NH2-SGGGGGGGLGSGGSIR-COOH, 1135.5158, 2004, 92047, L22374_NoorS_2004_res9-S7_fr1, 92324599, 9, 12, 
None, 1136.0527, 2004, 92047, L22374_NoorS_2004_res9-S7_fr1, 92324600, 9, 12, 
None, 1136.5849, 2004, 92047, L22374_NoorS_2004_res9-S7_fr1, 92324601, 9, 12, 
None, 1137.6688, 2004, 92047, L22374_NoorS_2004_res9-S7_fr1, 92324602, 9, 12, 
None, 1138.1909, 2004, 92047, L22374_NoorS_2004_res9-S7_fr1, 92324603, 9, 12, 
NH2-EVATNSELVQSGK-COOH, 1138.9814, 2004, 92047, L22374_NoorS_2004_res9-S7_fr1, 92324604, 9, 12, 
None, 1139.3911, 2004, 92047, L22374_NoorS_2004_res9-S7_fr1, 92324605, 9, 12, 
None, 1140.3883, 2004, 92047, L22374_NoorS_2004_res9-S7_fr1, 92324606, 9, 12, 
None, 1140.7267, 2004, 92047, L22374_NoorS_2004_res9-S7_fr1, 92324607, 9, 12, 
None, 1141.0773, 2004, 92047, L22374_NoorS_2004_res9-S7_fr1, 92324608, 9, 12, 
None, 1141.6187, 2004, 92047, L22374_NoorS_2004_res9-S7_fr1, 92324609, 9, 12, 
NH2-RFDDAVVQSDM<Mox>K-COOH, 1142.1089, 2004, 92047, L22374_NoorS_2004_res9-S7_fr1, 92324610, 9, 12, 
None, 1142.9650, 2004, 92047, L22374_NoorS_2004_res9-S7_fr1, 92324611, 9, 12, 
NH2-RFDDAVVQSDM<Mox>K-COOH, 1143.2182, 2004, 92047, L22374_NoorS_2004_res9-S7_fr1, 92324612, 9, 12, 
None, 1143.7124, 2004, 92047, L22374_NoorS_2004_res9-S7_fr1, 92324613, 9, 12, 
None, 1144.2076, 2004, 92047, L22374_NoorS_2004_res9-S7_fr1, 92324614, 9, 12, 
None, 1144.6098, 2004, 92047, L22374_NoorS_2004_res9-S7_fr1, 92324615, 9, 12, 
NH2-IATGGLLR-COOH, 1145.6859, 2004, 92047, L22374_NoorS_2004_res9-S7_fr1, 92324616, 9, 12, 
None, 1145.9443, 2004, 92047, L22374_NoorS_2004_res9-S7_fr1, 92324617, 9, 12, 
None, 1146.2771, 2004, 92047, L22374_NoorS_2004_res9-S7_fr1, 92324618, 9, 12, 
None, 1146.6158, 2004, 92047, L22374_NoorS_2004_res9-S7_fr1, 92324619, 9, 12, 
None, 1147.1576, 2004, 92047, L22374_NoorS_2004_res9-S7_fr1, 92324620, 9, 12, 
None, 1148.3833, 2004, 92047, L22374_NoorS_2004_res9-S7_fr1, 92324621, 9, 12, 
None, 1148.7805, 2004, 92047, L22374_NoorS_2004_res9-S7_fr1, 92324622, 9, 12, 
None, 1149.1848, 2004, 92047, L22374_NoorS_2004_res9-S7_fr1, 92324623, 9, 12, 
None, 1149.6899, 2004, 92047, L22374_NoorS_2004_res9-S7_fr1, 92324624, 9, 12, 
None, 1150.5014, 2004, 92047, L22374_NoorS_2004_res9-S7_fr1, 92324625, 9, 12, 
None, 1150.8951, 2004, 92047, L22374_NoorS_2004_res9-S7_fr1, 92324626, 9, 12, 
None, 1151.3303, 2004, 92047, L22374_NoorS_2004_res9-S7_fr1, 92324627, 9, 12, 
NH2-SQYEQLAEQNR-COOH, 1151.6632, 2004, 92047, L22374_NoorS_2004_res9-S7_fr1, 92324628, 9, 12, 
None, 1152.0024, 2004, 92047, L22374_NoorS_2004_res9-S7_fr1, 92324629, 9, 12, 
None, 1153.0438, 2004, 92047, L22374_NoorS_2004_res9-S7_fr1, 92324630, 9, 12, 
None, 1153.4059, 2004, 92047, L22374_NoorS_2004_res9-S7_fr1, 92324631, 9, 12, 
None, 1154.2644, 2004, 92047, L22374_NoorS_2004_res9-S7_fr1, 92324632, 9, 12, 
None, 1154.5693, 2004, 92047, L22374_NoorS_2004_res9-S7_fr1, 92324633, 9, 12, 
None, 1154.9395, 2004, 92047, L22374_NoorS_2004_res9-S7_fr1, 92324634, 9, 12, 
None, 1155.4743, 2004, 92047, L22374_NoorS_2004_res9-S7_fr1, 92324635, 9, 12, 
None, 1156.3536, 2004, 92047, L22374_NoorS_2004_res9-S7_fr1, 92324636, 9, 12, 
NH2-GFSSGSAVVSGGSR-COOH, 1156.7623, 2004, 92047, L22374_NoorS_2004_res9-S7_fr1, 92324637, 9, 12, 
None, 1157.3050, 2004, 92047, L22374_NoorS_2004_res9-S7_fr1, 92324638, 9, 12, 
None, 1157.6987, 2004, 92047, L22374_NoorS_2004_res9-S7_fr1, 92324639, 9, 12, 
NH2-EVDEQM<Mox>LNVQNK-COOH, 1158.2668, 2004, 92047, L22374_NoorS_2004_res9-S7_fr1, 92324640, 9, 12, 
NH2-SLLEGEGSSGGGGR-COOH, 1159.2308, 2004, 92047, L22374_NoorS_2004_res9-S7_fr1, 92324641, 9, 12, 
None, 1159.5931, 2004, 92047, L22374_NoorS_2004_res9-S7_fr1, 92324642, 9, 12, 
NH2-VGEVIVTK-COOH, 1160.0018, 2004, 92047, L22374_NoorS_2004_res9-S7_fr1, 92324643, 9, 12, 
None, 1160.4369, 2004, 92047, L22374_NoorS_2004_res9-S7_fr1, 92324644, 9, 12, 
None, 1160.8110, 2004, 92047, L22374_NoorS_2004_res9-S7_fr1, 92324645, 9, 12, 
NH2-YIDQEELNK-COOH, 1162.0714, 2004, 92047, L22374_NoorS_2004_res9-S7_fr1, 92324646, 9, 12, 
None, 1162.4761, 2004, 92047, L22374_NoorS_2004_res9-S7_fr1, 92324647, 9, 12, 
None, 1163.0151, 2004, 92047, L22374_NoorS_2004_res9-S7_fr1, 92324648, 9, 12, 
NH2-M<Mox>GGM<Mox>EGPFGGGM<Mox>ENM<Mox>GR-COOH, 1163.4230, 2004, 92047, L22374_NoorS_2004_res9-S7_fr1, 92324649, 9, 12, 
None, 1164.7050, 2004, 92047, L22374_NoorS_2004_res9-S7_fr1, 92324650, 9, 12, 
None, 1164.9498, 2004, 92047, L22374_NoorS_2004_res9-S7_fr1, 92324651, 9, 12, 
None, 1165.2778, 2004, 92047, L22374_NoorS_2004_res9-S7_fr1, 92324652, 9, 12, 
NH2-QEYDESGPSIVHR-COOH, 1165.6718, 2004, 92047, L22374_NoorS_2004_res9-S7_fr1, 92324653, 9, 12, 
None, 1166.6126, 2004, 92047, L22374_NoorS_2004_res9-S7_fr1, 92324654, 9, 12, 
NH2-DLDTGEEVTR-COOH, 1167.1330, 2004, 92047, L22374_NoorS_2004_res9-S7_fr1, 92324655, 9, 12, 
None, 1167.5336, 2004, 92047, L22374_NoorS_2004_res9-S7_fr1, 92324656, 9, 12, 
None, 1167.9445, 2004, 92047, L22374_NoorS_2004_res9-S7_fr1, 92324657, 9, 12, 
NH2-NM<Mox>QDM<Mox>VEDYR-COOH, 1168.4537, 2004, 92047, L22374_NoorS_2004_res9-S7_fr1, 92324658, 9, 12, 
None, 1169.5178, 2004, 92047, L22374_NoorS_2004_res9-S7_fr1, 92324659, 9, 12, 
None, 1169.7536, 2004, 92047, L22374_NoorS_2004_res9-S7_fr1, 92324660, 9, 12, 
None, 1170.0890, 2004, 92047, L22374_NoorS_2004_res9-S7_fr1, 92324661, 9, 12, 
NH2-LM<Mox>M<Mox>DPLSGQNR-COOH, 1170.6138, 2004, 92047, L22374_NoorS_2004_res9-S7_fr1, 92324662, 9, 12, 
None, 1171.1540, 2004, 92047, L22374_NoorS_2004_res9-S7_fr1, 92324663, 9, 12, 
NH2-TLLEGEESR-COOH, 1172.1660, 2004, 92047, L22374_NoorS_2004_res9-S7_fr1, 92324664, 9, 12, 
NH2-STAGDTHLGGEDFDNR-COOH, 1172.4266, 2004, 92047, L22374_NoorS_2004_res9-S7_fr1, 92324665, 9, 12, 
NH2-DNNLLGK-COOH, 1172.7719, 2004, 92047, L22374_NoorS_2004_res9-S7_fr1, 92324666, 9, 12, 
NH2-VEIIANDQGNR-COOH, 1173.0712, 2004, 92047, L22374_NoorS_2004_res9-S7_fr1, 92324667, 9, 12, 
None, 1173.4535, 2004, 92047, L22374_NoorS_2004_res9-S7_fr1, 92324668, 9, 12, 
None, 1174.3252, 2004, 92047, L22374_NoorS_2004_res9-S7_fr1, 92324669, 9, 12, 
NH2-IKFEM<Mox>EQNLR-COOH, 1174.6298, 2004, 92047, L22374_NoorS_2004_res9-S7_fr1, 92324670, 9, 12, 
None, 1175.0265, 2004, 92047, L22374_NoorS_2004_res9-S7_fr1, 92324671, 9, 12, 
None, 1175.4881, 2004, 92047, L22374_NoorS_2004_res9-S7_fr1, 92324672, 9, 12, 
None, 1175.9461, 2004, 92047, L22374_NoorS_2004_res9-S7_fr1, 92324673, 9, 12, 
None, 1176.8011, 2004, 92047, L22374_NoorS_2004_res9-S7_fr1, 92324674, 9, 12, 
None, 1177.0374, 2004, 92047, L22374_NoorS_2004_res9-S7_fr1, 92324675, 9, 12, 
NH2-YENEVALR-COOH, 1177.3940, 2004, 92047, L22374_NoorS_2004_res9-S7_fr1, 92324676, 9, 12, 
None, 1177.7900, 2004, 92047, L22374_NoorS_2004_res9-S7_fr1, 92324677, 9, 12, 
None, 1178.3657, 2004, 92047, L22374_NoorS_2004_res9-S7_fr1, 92324678, 9, 12, 
NH2-LASYLDK-COOH, 1179.2771, 2004, 92047, L22374_NoorS_2004_res9-S7_fr1, 92324679, 9, 12, 
None, 1179.5227, 2004, 92047, L22374_NoorS_2004_res9-S7_fr1, 92324680, 9, 12, 
None, 1179.8217, 2004, 92047, L22374_NoorS_2004_res9-S7_fr1, 92324681, 9, 12, 
None, 1180.1773, 2004, 92047, L22374_NoorS_2004_res9-S7_fr1, 92324682, 9, 12, 
None, 1180.7191, 2004, 92047, L22374_NoorS_2004_res9-S7_fr1, 92324683, 9, 12, 
None, 1181.6896, 2004, 92047, L22374_NoorS_2004_res9-S7_fr1, 92324684, 9, 12, 
None, 1182.3456, 2004, 92047, L22374_NoorS_2004_res9-S7_fr1, 92324685, 9, 12, 
None, 1182.7355, 2004, 92047, L22374_NoorS_2004_res9-S7_fr1, 92324686, 9, 12, 
NH2-M<Mox>GLAM<Mox>GGGGGASFDR-COOH, 1183.1312, 2004, 92047, L22374_NoorS_2004_res9-S7_fr1, 92324687, 9, 12, 
None, 1184.1353, 2004, 92047, L22374_NoorS_2004_res9-S7_fr1, 92324688, 9, 12, 
NH2-GGSGGSHGGGSGFGGESGGSYGGGEEASGSGGGYGGGSGK-COOH, 1184.6203, 2004, 92047, L22374_NoorS_2004_res9-S7_fr1, 92324689, 9, 12, 
None, 1185.1917, 2004, 92047, L22374_NoorS_2004_res9-S7_fr1, 92324690, 9, 12, 
None, 1185.7215, 2004, 92047, L22374_NoorS_2004_res9-S7_fr1, 92324691, 9, 12, 
None, 1187.1827, 2004, 92047, L22374_NoorS_2004_res9-S7_fr1, 92324692, 9, 12, 
None, 1187.5585, 2004, 92047, L22374_NoorS_2004_res9-S7_fr1, 92324693, 9, 12, 
None, 1187.9556, 2004, 92047, L22374_NoorS_2004_res9-S7_fr1, 92324694, 9, 12, 
None, 1188.4374, 2004, 92047, L22374_NoorS_2004_res9-S7_fr1, 92324695, 9, 12, 
None, 1188.9448, 2004, 92047, L22374_NoorS_2004_res9-S7_fr1, 92324696, 9, 12, 
None, 1189.9613, 2004, 92047, L22374_NoorS_2004_res9-S7_fr1, 92324697, 9, 12, 
None, 1190.2573, 2004, 92047, L22374_NoorS_2004_res9-S7_fr1, 92324698, 9, 12, 
None, 1190.7928, 2004, 92047, L22374_NoorS_2004_res9-S7_fr1, 92324699, 9, 12, 
None, 1191.3641, 2004, 92047, L22374_NoorS_2004_res9-S7_fr1, 92324700, 9, 12, 
None, 1191.8814, 2004, 92047, L22374_NoorS_2004_res9-S7_fr1, 92324701, 9, 12, 
None, 1192.8617, 2004, 92047, L22374_NoorS_2004_res9-S7_fr1, 92324702, 9, 12, 
None, 1193.3797, 2004, 92047, L22374_NoorS_2004_res9-S7_fr1, 92324703, 9, 12, 
None, 1193.9127, 2004, 92047, L22374_NoorS_2004_res9-S7_fr1, 92324704, 9, 12, 
None, 1194.3918, 2004, 92047, L22374_NoorS_2004_res9-S7_fr1, 92324705, 9, 12, 
None, 1194.9639, 2004, 92047, L22374_NoorS_2004_res9-S7_fr1, 92324706, 9, 12, 
None, 1195.9921, 2004, 92047, L22374_NoorS_2004_res9-S7_fr1, 92324707, 9, 12, 
None, 1196.3568, 2004, 92047, L22374_NoorS_2004_res9-S7_fr1, 92324708, 9, 12, 
None, 1196.8713, 2004, 92047, L22374_NoorS_2004_res9-S7_fr1, 92324709, 9, 12, 
NH2-GAEAANVTGPGGVPVQGSK-COOH, 1197.3347, 2004, 92047, L22374_NoorS_2004_res9-S7_fr1, 92324710, 9, 12, 
None, 1197.8936, 2004, 92047, L22374_NoorS_2004_res9-S7_fr1, 92324711, 9, 12, 
NH2-LENEIQTYR-COOH, 1198.9074, 2004, 92047, L22374_NoorS_2004_res9-S7_fr1, 92324712, 9, 12, 
None, 1199.1838, 2004, 92047, L22374_NoorS_2004_res9-S7_fr1, 92324713, 9, 12, 
None, 1199.5518, 2004, 92047, L22374_NoorS_2004_res9-S7_fr1, 92324714, 9, 12, 
None, 1200.3324, 2004, 92047, L22374_NoorS_2004_res9-S7_fr1, 92324715, 9, 12, 
NH2-TNAENEFVTIKK-COOH, 1201.3833, 2004, 92047, L22374_NoorS_2004_res9-S7_fr1, 92324716, 9, 12, 
NH2-TNAENEFVTIKK-COOH, 1201.6488, 2004, 92047, L22374_NoorS_2004_res9-S7_fr1, 92324717, 9, 12, 
None, 1201.9544, 2004, 92047, L22374_NoorS_2004_res9-S7_fr1, 92324718, 9, 12, 
None, 1202.3731, 2004, 92047, L22374_NoorS_2004_res9-S7_fr1, 92324719, 9, 12, 
None, 1202.7400, 2004, 92047, L22374_NoorS_2004_res9-S7_fr1, 92324720, 9, 12, 
None, 1203.5453, 2004, 92047, L22374_NoorS_2004_res9-S7_fr1, 92324721, 9, 12, 
None, 1203.9039, 2004, 92047, L22374_NoorS_2004_res9-S7_fr1, 92324722, 9, 12, 
None, 1204.2508, 2004, 92047, L22374_NoorS_2004_res9-S7_fr1, 92324723, 9, 12, 
NH2-NM<Mox>QDMVEDYR-COOH, 1204.6619, 2004, 92047, L22374_NoorS_2004_res9-S7_fr1, 92324724, 9, 12, 
None, 1205.2025, 2004, 92047, L22374_NoorS_2004_res9-S7_fr1, 92324725, 9, 12, 
NH2-LKYENEVALR-COOH, 1206.0568, 2004, 92047, L22374_NoorS_2004_res9-S7_fr1, 92324726, 9, 12, 
NH2-LKYENEVALR-COOH, 1216.5977, 2004, 92047, L22374_NoorS_2004_res9-S7_fr1, 92324726, 9, 12, 
None, 1206.4028, 2004, 92047, L22374_NoorS_2004_res9-S7_fr1, 92324727, 9, 12, 
None, 1206.7232, 2004, 92047, L22374_NoorS_2004_res9-S7_fr1, 92324728, 9, 12, 
None, 1207.1426, 2004, 92047, L22374_NoorS_2004_res9-S7_fr1, 92324729, 9, 12, 
None, 1207.5197, 2004, 92047, L22374_NoorS_2004_res9-S7_fr1, 92324730, 9, 12, 
None, 1208.4796, 2004, 92047, L22374_NoorS_2004_res9-S7_fr1, 92324731, 9, 12, 
NH2-APSTYGGGLSVSSSR-COOH, 1208.8237, 2004, 92047, L22374_NoorS_2004_res9-S7_fr1, 92324732, 9, 12, 
None, 1209.3720, 2004, 92047, L22374_NoorS_2004_res9-S7_fr1, 92324733, 9, 12, 
None, 1209.7174, 2004, 92047, L22374_NoorS_2004_res9-S7_fr1, 92324734, 9, 12, 
NH2-M<Mox>KEIAEAYLGK-COOH, 1210.1445, 2004, 92047, L22374_NoorS_2004_res9-S7_fr1, 92324735, 9, 12, 
NH2-LEQEIATYR-COOH, 1211.0492, 2004, 92047, L22374_NoorS_2004_res9-S7_fr1, 92324736, 9, 12, 
None, 1211.4081, 2004, 92047, L22374_NoorS_2004_res9-S7_fr1, 92324737, 9, 12, 
None, 1211.8167, 2004, 92047, L22374_NoorS_2004_res9-S7_fr1, 92324738, 9, 12, 
None, 1212.3486, 2004, 92047, L22374_NoorS_2004_res9-S7_fr1, 92324739, 9, 12, 
None, 1212.8770, 2004, 92047, L22374_NoorS_2004_res9-S7_fr1, 92324740, 9, 12, 
NH2-LAADDFR-COOH, 1213.6661, 2004, 92047, L22374_NoorS_2004_res9-S7_fr1, 92324741, 9, 12, 
None, 1213.9041, 2004, 92047, L22374_NoorS_2004_res9-S7_fr1, 92324742, 9, 12, 
None, 1214.2158, 2004, 92047, L22374_NoorS_2004_res9-S7_fr1, 92324743, 9, 12, 
None, 1214.6133, 2004, 92047, L22374_NoorS_2004_res9-S7_fr1, 92324744, 9, 12, 
None, 1215.9851, 2004, 92047, L22374_NoorS_2004_res9-S7_fr1, 92324745, 9, 12, 
None, 1216.2714, 2004, 92047, L22374_NoorS_2004_res9-S7_fr1, 92324746, 9, 12, 
None, 1216.9991, 2004, 92047, L22374_NoorS_2004_res9-S7_fr1, 92324747, 9, 12, 
None, 1217.3251, 2004, 92047, L22374_NoorS_2004_res9-S7_fr1, 92324748, 9, 12, 
NH2-GYSFTTTAER-COOH, 1218.1422, 2004, 92047, L22374_NoorS_2004_res9-S7_fr1, 92324749, 9, 12, 
None, 1218.4505, 2004, 92047, L22374_NoorS_2004_res9-S7_fr1, 92324750, 9, 12, 
None, 1218.8263, 2004, 92047, L22374_NoorS_2004_res9-S7_fr1, 92324751, 9, 12, 
None, 1219.2549, 2004, 92047, L22374_NoorS_2004_res9-S7_fr1, 92324752, 9, 12, 
NH2-DVDNAYM<Mox>IK-COOH, 1219.6563, 2004, 92047, L22374_NoorS_2004_res9-S7_fr1, 92324753, 9, 12, 
None, 1220.4096, 2004, 92047, L22374_NoorS_2004_res9-S7_fr1, 92324754, 9, 12, 
None, 1220.6976, 2004, 92047, L22374_NoorS_2004_res9-S7_fr1, 92324755, 9, 12, 
None, 1221.0048, 2004, 92047, L22374_NoorS_2004_res9-S7_fr1, 92324756, 9, 12, 
None, 1221.4193, 2004, 92047, L22374_NoorS_2004_res9-S7_fr1, 92324757, 9, 12, 
None, 1221.7466, 2004, 92047, L22374_NoorS_2004_res9-S7_fr1, 92324758, 9, 12, 
None, 1222.4353, 2004, 92047, L22374_NoorS_2004_res9-S7_fr1, 92324759, 9, 12, 
None, 1222.6737, 2004, 92047, L22374_NoorS_2004_res9-S7_fr1, 92324760, 9, 12, 
None, 1222.9354, 2004, 92047, L22374_NoorS_2004_res9-S7_fr1, 92324761, 9, 12, 
None, 1223.2308, 2004, 92047, L22374_NoorS_2004_res9-S7_fr1, 92324762, 9, 12, 
None, 1223.5370, 2004, 92047, L22374_NoorS_2004_res9-S7_fr1, 92324763, 9, 12, 
None, 1224.2184, 2004, 92047, L22374_NoorS_2004_res9-S7_fr1, 92324764, 9, 12, 
NH2-DYQELM<Mox>NVK-COOH, 1224.5195, 2004, 92047, L22374_NoorS_2004_res9-S7_fr1, 92324765, 9, 12, 
None, 1225.1630, 2004, 92047, L22374_NoorS_2004_res9-S7_fr1, 92324766, 9, 12, 
None, 1226.3731, 2004, 92047, L22374_NoorS_2004_res9-S7_fr1, 92324767, 9, 12, 
None, 1227.3995, 2004, 92047, L22374_NoorS_2004_res9-S7_fr1, 92324768, 9, 12, 
NH2-LDSELKNM<Mox>QDM<Mox>VEDYR-COOH, 1229.7062, 2004, 92047, L22374_NoorS_2004_res9-S7_fr1, 92324769, 9, 12, 
None, 1231.9100, 2004, 92047, L22374_NoorS_2004_res9-S7_fr1, 92324770, 9, 12, 
None, 1232.8713, 2004, 92047, L22374_NoorS_2004_res9-S7_fr1, 92324771, 9, 12, 
None, 1235.0851, 2004, 92047, L22374_NoorS_2004_res9-S7_fr1, 92324772, 9, 12, 
None, 1235.5271, 2004, 92047, L22374_NoorS_2004_res9-S7_fr1, 92324773, 9, 12, 
None, 1241.9615, 2004, 92047, L22374_NoorS_2004_res9-S7_fr1, 92324774, 9, 12, 
None, 1242.2240, 2004, 92047, L22374_NoorS_2004_res9-S7_fr1, 92324775, 9, 12, 
NH2-ALEESNYELEGK-COOH, 1243.0533, 2004, 92047, L22374_NoorS_2004_res9-S7_fr1, 92324776, 9, 12, 
None, 1243.4149, 2004, 92047, L22374_NoorS_2004_res9-S7_fr1, 92324777, 9, 12, 
None, 1243.9011, 2004, 92047, L22374_NoorS_2004_res9-S7_fr1, 92324778, 9, 12, 
None, 1245.9897, 2004, 92047, L22374_NoorS_2004_res9-S7_fr1, 92324779, 9, 12, 
None, 1246.9529, 2004, 92047, L22374_NoorS_2004_res9-S7_fr1, 92324780, 9, 12, 
None, 1247.9260, 2004, 92047, L22374_NoorS_2004_res9-S7_fr1, 92324781, 9, 12, 
NH2-TSQNSELNNM<Mox>QDLVEDYKK-COOH, 1248.1434, 2004, 92047, L22374_NoorS_2004_res9-S7_fr1, 92324782, 9, 12, 
None, 1248.5133, 2004, 92047, L22374_NoorS_2004_res9-S7_fr1, 92324783, 9, 12, 
None, 1249.3563, 2004, 92047, L22374_NoorS_2004_res9-S7_fr1, 92324784, 9, 12, 
None, 1249.6438, 2004, 92047, L22374_NoorS_2004_res9-S7_fr1, 92324785, 9, 12, 
None, 1250.0960, 2004, 92047, L22374_NoorS_2004_res9-S7_fr1, 92324786, 9, 12, 
NH2-IQDWYDK-COOH, 1250.3610, 2004, 92047, L22374_NoorS_2004_res9-S7_fr1, 92324787, 9, 12, 
None, 1251.2238, 2004, 92047, L22374_NoorS_2004_res9-S7_fr1, 92324788, 9, 12, 
NH2-M<Mox>TLDDFR-COOH, 1252.1818, 2004, 92047, L22374_NoorS_2004_res9-S7_fr1, 92324789, 9, 12, 
None, 1252.4524, 2004, 92047, L22374_NoorS_2004_res9-S7_fr1, 92324790, 9, 12, 
None, 1253.4326, 2004, 92047, L22374_NoorS_2004_res9-S7_fr1, 92324791, 9, 12, 
None, 1254.3972, 2004, 92047, L22374_NoorS_2004_res9-S7_fr1, 92324792, 9, 12, 
NH2-KQISNLQQSISDAEQR-COOH, 1256.6107, 2004, 92047, L22374_NoorS_2004_res9-S7_fr1, 92324793, 9, 12, 
None, 1257.5815, 2004, 92047, L22374_NoorS_2004_res9-S7_fr1, 92324794, 9, 12, 
None, 1257.8766, 2004, 92047, L22374_NoorS_2004_res9-S7_fr1, 92324795, 9, 12, 
None, 1258.2619, 2004, 92047, L22374_NoorS_2004_res9-S7_fr1, 92324796, 9, 12, 
None, 1259.3072, 2004, 92047, L22374_NoorS_2004_res9-S7_fr1, 92324797, 9, 12, 
None, 1259.7877, 2004, 92047, L22374_NoorS_2004_res9-S7_fr1, 92324798, 9, 12, 
None, 1263.1610, 2004, 92047, L22374_NoorS_2004_res9-S7_fr1, 92324799, 9, 12, 
None, 1266.6056, 2004, 92047, L22374_NoorS_2004_res9-S7_fr1, 92324800, 9, 12, 
NH2-VQALEEANNDLENK-COOH, 1272.5614, 2004, 92047, L22374_NoorS_2004_res9-S7_fr1, 92324801, 9, 12, 
None, 1274.7523, 2004, 92047, L22374_NoorS_2004_res9-S7_fr1, 92324802, 9, 12, 
None, 1277.0566, 2004, 92047, L22374_NoorS_2004_res9-S7_fr1, 92324803, 9, 12, 
None, 1278.0205, 2004, 92047, L22374_NoorS_2004_res9-S7_fr1, 92324804, 9, 12, 
None, 1278.3555, 2004, 92047, L22374_NoorS_2004_res9-S7_fr1, 92324805, 9, 12, 
None, 1278.8165, 2004, 92047, L22374_NoorS_2004_res9-S7_fr1, 92324806, 9, 12, 
None, 1282.1399, 2004, 92047, L22374_NoorS_2004_res9-S7_fr1, 92324807, 9, 12, 
None, 1284.4389, 2004, 92047, L22374_NoorS_2004_res9-S7_fr1, 92324808, 9, 12, 
None, 1285.4014, 2004, 92047, L22374_NoorS_2004_res9-S7_fr1, 92324809, 9, 12, 
None, 1285.7384, 2004, 92047, L22374_NoorS_2004_res9-S7_fr1, 92324810, 9, 12, 
NH2-QEYEQLIAK-COOH, 1286.7782, 2004, 92047, L22374_NoorS_2004_res9-S7_fr1, 92324811, 9, 12, 
NH2-NHKEEM<Mox>SQLTGQNSGDVNVEINVAPGK-COOH, 1287.0620, 2004, 92047, L22374_NoorS_2004_res9-S7_fr1, 92324812, 9, 12, 
None, 1288.1735, 2004, 92047, L22374_NoorS_2004_res9-S7_fr1, 92324813, 9, 12, 
None, 1288.6940, 2004, 92047, L22374_NoorS_2004_res9-S7_fr1, 92324814, 9, 12, 
None, 1297.2557, 2004, 92047, L22374_NoorS_2004_res9-S7_fr1, 92324814, 9, 12, 
None, 1289.5707, 2004, 92047, L22374_NoorS_2004_res9-S7_fr1, 92324815, 9, 12, 
None, 1289.8186, 2004, 92047, L22374_NoorS_2004_res9-S7_fr1, 92324816, 9, 12, 
NH2-ALEEANADLEVK-COOH, 1292.0828, 2004, 92047, L22374_NoorS_2004_res9-S7_fr1, 92324817, 9, 12, 
None, 1293.0734, 2004, 92047, L22374_NoorS_2004_res9-S7_fr1, 92324818, 9, 12, 
None, 1293.4346, 2004, 92047, L22374_NoorS_2004_res9-S7_fr1, 92324819, 9, 12, 
None, 1294.0050, 2004, 92047, L22374_NoorS_2004_res9-S7_fr1, 92324820, 9, 12, 
None, 1295.1061, 2004, 92047, L22374_NoorS_2004_res9-S7_fr1, 92324821, 9, 12, 
None, 1295.3272, 2004, 92047, L22374_NoorS_2004_res9-S7_fr1, 92324822, 9, 12, 
None, 1295.8209, 2004, 92047, L22374_NoorS_2004_res9-S7_fr1, 92324823, 9, 12, 
None, 1296.9034, 2004, 92047, L22374_NoorS_2004_res9-S7_fr1, 92324824, 9, 12, 
NH2-LLEGEDAHLSSSQFSSGSQSSR-COOH, 1297.5660, 2004, 92047, L22374_NoorS_2004_res9-S7_fr1, 92324825, 9, 12, 
NH2-IRLENEIQTYR-COOH, 1297.9871, 2004, 92047, L22374_NoorS_2004_res9-S7_fr1, 92324826, 9, 12, 
None, 1298.5370, 2004, 92047, L22374_NoorS_2004_res9-S7_fr1, 92324827, 9, 12, 
None, 1299.4405, 2004, 92047, L22374_NoorS_2004_res9-S7_fr1, 92324828, 9, 12, 
None, 1299.7618, 2004, 92047, L22374_NoorS_2004_res9-S7_fr1, 92324829, 9, 12, 
None, 1300.1164, 2004, 92047, L22374_NoorS_2004_res9-S7_fr1, 92324830, 9, 12, 
NH2-QVLDNLTM<Mox>EK-COOH, 1301.1316, 2004, 92047, L22374_NoorS_2004_res9-S7_fr1, 92324831, 9, 12, 
None, 1301.5881, 2004, 92047, L22374_NoorS_2004_res9-S7_fr1, 92324832, 9, 12, 
None, 1302.0361, 2004, 92047, L22374_NoorS_2004_res9-S7_fr1, 92324833, 9, 12, 
None, 1302.5814, 2004, 92047, L22374_NoorS_2004_res9-S7_fr1, 92324834, 9, 12, 
None, 1302.8303, 2004, 92047, L22374_NoorS_2004_res9-S7_fr1, 92324835, 9, 12, 
None, 1303.9050, 2004, 92047, L22374_NoorS_2004_res9-S7_fr1, 92324836, 9, 12, 
None, 1304.2075, 2004, 92047, L22374_NoorS_2004_res9-S7_fr1, 92324837, 9, 12, 
None, 1304.6310, 2004, 92047, L22374_NoorS_2004_res9-S7_fr1, 92324838, 9, 12, 
NH2-NQVAM<Mox>NPTNTVFDAK-COOH, 1304.9542, 2004, 92047, L22374_NoorS_2004_res9-S7_fr1, 92324839, 9, 12, 
NH2-AIGGGLSSVGGGSSTIK-COOH, 1305.2985, 2004, 92047, L22374_NoorS_2004_res9-S7_fr1, 92324840, 9, 12, 
None, 1306.3650, 2004, 92047, L22374_NoorS_2004_res9-S7_fr1, 92324841, 9, 12, 
None, 1306.6314, 2004, 92047, L22374_NoorS_2004_res9-S7_fr1, 92324842, 9, 12, 
None, 1307.1865, 2004, 92047, L22374_NoorS_2004_res9-S7_fr1, 92324843, 9, 12, 
None, 1307.6044, 2004, 92047, L22374_NoorS_2004_res9-S7_fr1, 92324844, 9, 12, 
None, 1307.9409, 2004, 92047, L22374_NoorS_2004_res9-S7_fr1, 92324845, 9, 12, 
None, 1308.9030, 2004, 92047, L22374_NoorS_2004_res9-S7_fr1, 92324846, 9, 12, 
None, 1309.1373, 2004, 92047, L22374_NoorS_2004_res9-S7_fr1, 92324847, 9, 12, 
NH2-QGVDADINGLR-COOH, 1309.6777, 2004, 92047, L22374_NoorS_2004_res9-S7_fr1, 92324848, 9, 12, 
None, 1310.7584, 2004, 92047, L22374_NoorS_2004_res9-S7_fr1, 92324849, 9, 12, 
NH2-IEISELNR-COOH, 1311.0891, 2004, 92047, L22374_NoorS_2004_res9-S7_fr1, 92324850, 9, 12, 
None, 1311.3882, 2004, 92047, L22374_NoorS_2004_res9-S7_fr1, 92324851, 9, 12, 
None, 1311.8826, 2004, 92047, L22374_NoorS_2004_res9-S7_fr1, 92324852, 9, 12, 
None, 1312.3790, 2004, 92047, L22374_NoorS_2004_res9-S7_fr1, 92324853, 9, 12, 
NH2-FLEQQNQVLQTK-COOH, 1313.2780, 2004, 92047, L22374_NoorS_2004_res9-S7_fr1, 92324854, 9, 12, 
None, 1313.5429, 2004, 92047, L22374_NoorS_2004_res9-S7_fr1, 92324855, 9, 12, 
None, 1313.8562, 2004, 92047, L22374_NoorS_2004_res9-S7_fr1, 92324856, 9, 12, 
NH2-TGYTLDVTTGQR-COOH, 1314.1962, 2004, 92047, L22374_NoorS_2004_res9-S7_fr1, 92324857, 9, 12, 
None, 1314.7353, 2004, 92047, L22374_NoorS_2004_res9-S7_fr1, 92324858, 9, 12, 
None, 1315.7154, 2004, 92047, L22374_NoorS_2004_res9-S7_fr1, 92324859, 9, 12, 
None, 1316.1198, 2004, 92047, L22374_NoorS_2004_res9-S7_fr1, 92324860, 9, 12, 
NH2-VQALEEANNDLENK-COOH, 1316.6465, 2004, 92047, L22374_NoorS_2004_res9-S7_fr1, 92324861, 9, 12, 
NH2-NVQDAIADAEQR-COOH, 1317.6353, 2004, 92047, L22374_NoorS_2004_res9-S7_fr1, 92324862, 9, 12, 
NH2-NVQDAIADAEQR-COOH, 1320.9803, 2004, 92047, L22374_NoorS_2004_res9-S7_fr1, 92324862, 9, 12, 
NH2-NAGVEGSLIVEK-COOH, 1317.9684, 2004, 92047, L22374_NoorS_2004_res9-S7_fr1, 92324863, 9, 12, 
None, 1318.3832, 2004, 92047, L22374_NoorS_2004_res9-S7_fr1, 92324864, 9, 12, 
None, 1318.9176, 2004, 92047, L22374_NoorS_2004_res9-S7_fr1, 92324865, 9, 12, 
None, 1319.3581, 2004, 92047, L22374_NoorS_2004_res9-S7_fr1, 92324866, 9, 12, 
None, 1320.4449, 2004, 92047, L22374_NoorS_2004_res9-S7_fr1, 92324867, 9, 12, 
None, 1320.6710, 2004, 92047, L22374_NoorS_2004_res9-S7_fr1, 92324868, 9, 12, 
None, 1321.3460, 2004, 92047, L22374_NoorS_2004_res9-S7_fr1, 92324869, 9, 12, 
NH2-TQVVAGTNYYIK-COOH, 1321.8411, 2004, 92047, L22374_NoorS_2004_res9-S7_fr1, 92324870, 9, 12, 
NH2-YEELQITAGR-COOH, 1322.8368, 2004, 92047, L22374_NoorS_2004_res9-S7_fr1, 92324871, 9, 12, 
None, 1323.1407, 2004, 92047, L22374_NoorS_2004_res9-S7_fr1, 92324872, 9, 12, 
None, 1323.4142, 2004, 92047, L22374_NoorS_2004_res9-S7_fr1, 92324873, 9, 12, 
None, 1324.3047, 2004, 92047, L22374_NoorS_2004_res9-S7_fr1, 92324874, 9, 12, 
None, 1325.4134, 2004, 92047, L22374_NoorS_2004_res9-S7_fr1, 92324875, 9, 12, 
NH2-DYQELMNTK-COOH, 1325.7500, 2004, 92047, L22374_NoorS_2004_res9-S7_fr1, 92324876, 9, 12, 
NH2-GGSGGSHGGGSGFGGESGGSYGGGEEASGSGGGYGGGSGK-COOH, 1326.2778, 2004, 92047, L22374_NoorS_2004_res9-S7_fr1, 92324877, 9, 12, 
None, 1326.8527, 2004, 92047, L22374_NoorS_2004_res9-S7_fr1, 92324878, 9, 12, 
None, 1327.9529, 2004, 92047, L22374_NoorS_2004_res9-S7_fr1, 92324879, 9, 12, 
None, 1328.3361, 2004, 92047, L22374_NoorS_2004_res9-S7_fr1, 92324880, 9, 12, 
None, 1328.6704, 2004, 92047, L22374_NoorS_2004_res9-S7_fr1, 92324881, 9, 12, 
NH2-YLDGLTAER-COOH, 1329.6106, 2004, 92047, L22374_NoorS_2004_res9-S7_fr1, 92324882, 9, 12, 
None, 1329.9273, 2004, 92047, L22374_NoorS_2004_res9-S7_fr1, 92324883, 9, 12, 
NH2-ISISTSGGSFR-COOH, 1330.4624, 2004, 92047, L22374_NoorS_2004_res9-S7_fr1, 92324884, 9, 12, 
None, 1330.9916, 2004, 92047, L22374_NoorS_2004_res9-S7_fr1, 92324885, 9, 12, 
None, 1331.8234, 2004, 92047, L22374_NoorS_2004_res9-S7_fr1, 92324886, 9, 12, 
None, 1332.1190, 2004, 92047, L22374_NoorS_2004_res9-S7_fr1, 92324887, 9, 12, 
NH2-IGGIGTVPVGR-COOH, 1332.3925, 2004, 92047, L22374_NoorS_2004_res9-S7_fr1, 92324888, 9, 12, 
None, 1332.6874, 2004, 92047, L22374_NoorS_2004_res9-S7_fr1, 92324889, 9, 12, 
None, 1333.0183, 2004, 92047, L22374_NoorS_2004_res9-S7_fr1, 92324890, 9, 12, 
None, 1333.8314, 2004, 92047, L22374_NoorS_2004_res9-S7_fr1, 92324891, 9, 12, 
None, 1334.3608, 2004, 92047, L22374_NoorS_2004_res9-S7_fr1, 92324892, 9, 12, 
None, 1334.6642, 2004, 92047, L22374_NoorS_2004_res9-S7_fr1, 92324893, 9, 12, 
None, 1335.0557, 2004, 92047, L22374_NoorS_2004_res9-S7_fr1, 92324894, 9, 12, 
None, 1335.5520, 2004, 92047, L22374_NoorS_2004_res9-S7_fr1, 92324895, 9, 12, 
None, 1336.5712, 2004, 92047, L22374_NoorS_2004_res9-S7_fr1, 92324896, 9, 12, 
NH2-SFSTASAITPSVSR-COOH, 1336.9569, 2004, 92047, L22374_NoorS_2004_res9-S7_fr1, 92324897, 9, 12, 
None, 1337.5016, 2004, 92047, L22374_NoorS_2004_res9-S7_fr1, 92324898, 9, 12, 
None, 1337.8506, 2004, 92047, L22374_NoorS_2004_res9-S7_fr1, 92324899, 9, 12, 
None, 1338.8605, 2004, 92047, L22374_NoorS_2004_res9-S7_fr1, 92324900, 9, 12, 
None, 1339.2883, 2004, 92047, L22374_NoorS_2004_res9-S7_fr1, 92324901, 9, 12, 
None, 1339.7568, 2004, 92047, L22374_NoorS_2004_res9-S7_fr1, 92324902, 9, 12, 
None, 1341.0283, 2004, 92047, L22374_NoorS_2004_res9-S7_fr1, 92324902, 9, 12, 
None, 1340.7188, 2004, 92047, L22374_NoorS_2004_res9-S7_fr1, 92324903, 9, 12, 
None, 1341.3788, 2004, 92047, L22374_NoorS_2004_res9-S7_fr1, 92324904, 9, 12, 
None, 1341.7668, 2004, 92047, L22374_NoorS_2004_res9-S7_fr1, 92324905, 9, 12, 
NH2-YEELQVTVGR-COOH, 1342.7085, 2004, 92047, L22374_NoorS_2004_res9-S7_fr1, 92324906, 9, 12, 
None, 1343.0370, 2004, 92047, L22374_NoorS_2004_res9-S7_fr1, 92324907, 9, 12, 
None, 1343.4157, 2004, 92047, L22374_NoorS_2004_res9-S7_fr1, 92324908, 9, 12, 
None, 1343.8061, 2004, 92047, L22374_NoorS_2004_res9-S7_fr1, 92324909, 9, 12, 
None, 1344.3874, 2004, 92047, L22374_NoorS_2004_res9-S7_fr1, 92324910, 9, 12, 
NH2-TNAENEFVTIK-COOH, 1345.3145, 2004, 92047, L22374_NoorS_2004_res9-S7_fr1, 92324911, 9, 12, 
NH2-QSVEADINGLR-COOH, 1345.5744, 2004, 92047, L22374_NoorS_2004_res9-S7_fr1, 92324912, 9, 12, 
None, 1345.8974, 2004, 92047, L22374_NoorS_2004_res9-S7_fr1, 92324913, 9, 12, 
None, 1346.4058, 2004, 92047, L22374_NoorS_2004_res9-S7_fr1, 92324914, 9, 12, 
None, 1346.9799, 2004, 92047, L22374_NoorS_2004_res9-S7_fr1, 92324915, 9, 12, 
NH2-VLEGNEQFINAAK-COOH, 1347.7960, 2004, 92047, L22374_NoorS_2004_res9-S7_fr1, 92324916, 9, 12, 
None, 1348.0879, 2004, 92047, L22374_NoorS_2004_res9-S7_fr1, 92324917, 9, 12, 
NH2-NDLAVVDVR-COOH, 1348.5890, 2004, 92047, L22374_NoorS_2004_res9-S7_fr1, 92324918, 9, 12, 
None, 1348.9461, 2004, 92047, L22374_NoorS_2004_res9-S7_fr1, 92324919, 9, 12, 
None, 1349.4853, 2004, 92047, L22374_NoorS_2004_res9-S7_fr1, 92324920, 9, 12, 
NH2-FLEQQNQVLQTK-COOH, 1350.3326, 2004, 92047, L22374_NoorS_2004_res9-S7_fr1, 92324921, 9, 12, 
None, 1350.6385, 2004, 92047, L22374_NoorS_2004_res9-S7_fr1, 92324922, 9, 12, 
NH2-ELISNASDALDK-COOH, 1350.9475, 2004, 92047, L22374_NoorS_2004_res9-S7_fr1, 92324923, 9, 12, 
None, 1351.3133, 2004, 92047, L22374_NoorS_2004_res9-S7_fr1, 92324924, 9, 12, 
None, 1351.8654, 2004, 92047, L22374_NoorS_2004_res9-S7_fr1, 92324925, 9, 12, 
None, 1352.8194, 2004, 92047, L22374_NoorS_2004_res9-S7_fr1, 92324926, 9, 12, 
None, 1353.1205, 2004, 92047, L22374_NoorS_2004_res9-S7_fr1, 92324927, 9, 12, 
None, 1353.5601, 2004, 92047, L22374_NoorS_2004_res9-S7_fr1, 92324928, 9, 12, 
None, 1353.8363, 2004, 92047, L22374_NoorS_2004_res9-S7_fr1, 92324929, 9, 12, 
None, 1354.2533, 2004, 92047, L22374_NoorS_2004_res9-S7_fr1, 92324930, 9, 12, 
None, 1355.1367, 2004, 92047, L22374_NoorS_2004_res9-S7_fr1, 92324931, 9, 12, 
None, 1355.4828, 2004, 92047, L22374_NoorS_2004_res9-S7_fr1, 92324932, 9, 12, 
NH2-QSLEASLAETEGR-COOH, 1355.9032, 2004, 92047, L22374_NoorS_2004_res9-S7_fr1, 92324933, 9, 12, 
None, 1356.4473, 2004, 92047, L22374_NoorS_2004_res9-S7_fr1, 92324934, 9, 12, 
None, 1357.7602, 2004, 92047, L22374_NoorS_2004_res9-S7_fr1, 92324935, 9, 12, 
None, 1357.9928, 2004, 92047, L22374_NoorS_2004_res9-S7_fr1, 92324936, 9, 12, 
None, 1358.4666, 2004, 92047, L22374_NoorS_2004_res9-S7_fr1, 92324937, 9, 12, 
None, 1358.8126, 2004, 92047, L22374_NoorS_2004_res9-S7_fr1, 92324938, 9, 12, 
None, 1359.6987, 2004, 92047, L22374_NoorS_2004_res9-S7_fr1, 92324939, 9, 12, 
None, 1360.0205, 2004, 92047, L22374_NoorS_2004_res9-S7_fr1, 92324940, 9, 12, 
None, 1360.3552, 2004, 92047, L22374_NoorS_2004_res9-S7_fr1, 92324941, 9, 12, 
None, 1360.7562, 2004, 92047, L22374_NoorS_2004_res9-S7_fr1, 92324942, 9, 12, 
None, 1361.2986, 2004, 92047, L22374_NoorS_2004_res9-S7_fr1, 92324943, 9, 12, 
NH2-NSLESYAFNM<Mox>K-COOH, 1362.6252, 2004, 92047, L22374_NoorS_2004_res9-S7_fr1, 92324944, 9, 12, 
None, 1363.0196, 2004, 92047, L22374_NoorS_2004_res9-S7_fr1, 92324945, 9, 12, 
None, 1363.4961, 2004, 92047, L22374_NoorS_2004_res9-S7_fr1, 92324946, 9, 12, 
None, 1363.9621, 2004, 92047, L22374_NoorS_2004_res9-S7_fr1, 92324947, 9, 12, 
None, 1364.9507, 2004, 92047, L22374_NoorS_2004_res9-S7_fr1, 92324948, 9, 12, 
None, 1365.3554, 2004, 92047, L22374_NoorS_2004_res9-S7_fr1, 92324949, 9, 12, 
None, 1365.9066, 2004, 92047, L22374_NoorS_2004_res9-S7_fr1, 92324950, 9, 12, 
None, 1366.3226, 2004, 92047, L22374_NoorS_2004_res9-S7_fr1, 92324951, 9, 12, 
None, 1366.7689, 2004, 92047, L22374_NoorS_2004_res9-S7_fr1, 92324952, 9, 12, 
None, 1367.7704, 2004, 92047, L22374_NoorS_2004_res9-S7_fr1, 92324953, 9, 12, 
None, 1368.0492, 2004, 92047, L22374_NoorS_2004_res9-S7_fr1, 92324954, 9, 12, 
None, 1368.3427, 2004, 92047, L22374_NoorS_2004_res9-S7_fr1, 92324955, 9, 12, 
NH2-TAAENDFVTLK-COOH, 1368.6646, 2004, 92047, L22374_NoorS_2004_res9-S7_fr1, 92324956, 9, 12, 
None, 1368.9694, 2004, 92047, L22374_NoorS_2004_res9-S7_fr1, 92324957, 9, 12, 
None, 1369.8566, 2004, 92047, L22374_NoorS_2004_res9-S7_fr1, 92324958, 9, 12, 
None, 1370.1098, 2004, 92047, L22374_NoorS_2004_res9-S7_fr1, 92324959, 9, 12, 
None, 1370.4639, 2004, 92047, L22374_NoorS_2004_res9-S7_fr1, 92324960, 9, 12, 
None, 1370.8532, 2004, 92047, L22374_NoorS_2004_res9-S7_fr1, 92324961, 9, 12, 
None, 1371.2348, 2004, 92047, L22374_NoorS_2004_res9-S7_fr1, 92324962, 9, 12, 
NH2-QISNLQQSISDAEQR-COOH, 1372.0892, 2004, 92047, L22374_NoorS_2004_res9-S7_fr1, 92324963, 9, 12, 
None, 1372.6527, 2004, 92047, L22374_NoorS_2004_res9-S7_fr1, 92324964, 9, 12, 
None, 1372.9978, 2004, 92047, L22374_NoorS_2004_res9-S7_fr1, 92324965, 9, 12, 
NH2-SGGGFSSGSAGIINYQR-COOH, 1373.2716, 2004, 92047, L22374_NoorS_2004_res9-S7_fr1, 92324966, 9, 12, 
None, 1373.5987, 2004, 92047, L22374_NoorS_2004_res9-S7_fr1, 92324967, 9, 12, 
NH2-QISNLQQSISDAEQR-COOH, 1374.3266, 2004, 92047, L22374_NoorS_2004_res9-S7_fr1, 92324968, 9, 12, 
None, 1374.6321, 2004, 92047, L22374_NoorS_2004_res9-S7_fr1, 92324969, 9, 12, 
None, 1375.0006, 2004, 92047, L22374_NoorS_2004_res9-S7_fr1, 92324970, 9, 12, 
None, 1375.3666, 2004, 92047, L22374_NoorS_2004_res9-S7_fr1, 92324971, 9, 12, 
None, 1375.7459, 2004, 92047, L22374_NoorS_2004_res9-S7_fr1, 92324972, 9, 12, 
None, 1376.7501, 2004, 92047, L22374_NoorS_2004_res9-S7_fr1, 92324973, 9, 12, 
None, 1377.0482, 2004, 92047, L22374_NoorS_2004_res9-S7_fr1, 92324974, 9, 12, 
None, 1377.4870, 2004, 92047, L22374_NoorS_2004_res9-S7_fr1, 92324975, 9, 12, 
None, 1377.8040, 2004, 92047, L22374_NoorS_2004_res9-S7_fr1, 92324976, 9, 12, 
NH2-TTAENEFVM<Mox>LK-COOH, 1378.1225, 2004, 92047, L22374_NoorS_2004_res9-S7_fr1, 92324977, 9, 12, 
None, 1379.1365, 2004, 92047, L22374_NoorS_2004_res9-S7_fr1, 92324978, 9, 12, 
None, 1379.5226, 2004, 92047, L22374_NoorS_2004_res9-S7_fr1, 92324979, 9, 12, 
None, 1379.8549, 2004, 92047, L22374_NoorS_2004_res9-S7_fr1, 92324980, 9, 12, 
None, 1380.2162, 2004, 92047, L22374_NoorS_2004_res9-S7_fr1, 92324981, 9, 12, 
None, 1380.7867, 2004, 92047, L22374_NoorS_2004_res9-S7_fr1, 92324982, 9, 12, 
None, 1381.5553, 2004, 92047, L22374_NoorS_2004_res9-S7_fr1, 92324983, 9, 12, 
None, 1381.7820, 2004, 92047, L22374_NoorS_2004_res9-S7_fr1, 92324984, 9, 12, 
None, 1382.1034, 2004, 92047, L22374_NoorS_2004_res9-S7_fr1, 92324985, 9, 12, 
None, 1382.4715, 2004, 92047, L22374_NoorS_2004_res9-S7_fr1, 92324986, 9, 12, 
None, 1382.7974, 2004, 92047, L22374_NoorS_2004_res9-S7_fr1, 92324987, 9, 12, 
None, 1383.7226, 2004, 92047, L22374_NoorS_2004_res9-S7_fr1, 92324988, 9, 12, 
NH2-DVNAAIATIK-COOH, 1384.0518, 2004, 92047, L22374_NoorS_2004_res9-S7_fr1, 92324989, 9, 12, 
None, 1384.8334, 2004, 92047, L22374_NoorS_2004_res9-S7_fr1, 92324990, 9, 12, 
None, 1385.7613, 2004, 92047, L22374_NoorS_2004_res9-S7_fr1, 92324991, 9, 12, 
None, 1386.1806, 2004, 92047, L22374_NoorS_2004_res9-S7_fr1, 92324992, 9, 12, 
NH2-VGDFVATDLDTGRPSTTVR-COOH, 1386.5298, 2004, 92047, L22374_NoorS_2004_res9-S7_fr1, 92324993, 9, 12, 
None, 1387.0139, 2004, 92047, L22374_NoorS_2004_res9-S7_fr1, 92324994, 9, 12, 
None, 1387.8822, 2004, 92047, L22374_NoorS_2004_res9-S7_fr1, 92324995, 9, 12, 
None, 1388.2011, 2004, 92047, L22374_NoorS_2004_res9-S7_fr1, 92324996, 9, 12, 
None, 1388.7345, 2004, 92047, L22374_NoorS_2004_res9-S7_fr1, 92324997, 9, 12, 
None, 1389.6126, 2004, 92047, L22374_NoorS_2004_res9-S7_fr1, 92324998, 9, 12, 
NH2-TTPSYVAFTDTER-COOH, 1389.9899, 2004, 92047, L22374_NoorS_2004_res9-S7_fr1, 92324999, 9, 12, 
None, 1391.0287, 2004, 92047, L22374_NoorS_2004_res9-S7_fr1, 92325000, 9, 12, 
None, 1391.5580, 2004, 92047, L22374_NoorS_2004_res9-S7_fr1, 92325001, 9, 12, 
None, 1392.0716, 2004, 92047, L22374_NoorS_2004_res9-S7_fr1, 92325002, 9, 12, 
None, 1392.6143, 2004, 92047, L22374_NoorS_2004_res9-S7_fr1, 92325003, 9, 12, 
None, 1393.0048, 2004, 92047, L22374_NoorS_2004_res9-S7_fr1, 92325004, 9, 12, 
None, 1393.8464, 2004, 92047, L22374_NoorS_2004_res9-S7_fr1, 92325005, 9, 12, 
None, 1394.2020, 2004, 92047, L22374_NoorS_2004_res9-S7_fr1, 92325006, 9, 12, 
None, 1394.6988, 2004, 92047, L22374_NoorS_2004_res9-S7_fr1, 92325007, 9, 12, 
None, 1395.1254, 2004, 92047, L22374_NoorS_2004_res9-S7_fr1, 92325008, 9, 12, 
NH2-FLEQQNQVLQTK-COOH, 1395.5247, 2004, 92047, L22374_NoorS_2004_res9-S7_fr1, 92325009, 9, 12, 
None, 1396.3542, 2004, 92047, L22374_NoorS_2004_res9-S7_fr1, 92325010, 9, 12, 
None, 1396.6644, 2004, 92047, L22374_NoorS_2004_res9-S7_fr1, 92325011, 9, 12, 
None, 1397.0028, 2004, 92047, L22374_NoorS_2004_res9-S7_fr1, 92325012, 9, 12, 
None, 1397.5718, 2004, 92047, L22374_NoorS_2004_res9-S7_fr1, 92325013, 9, 12, 
None, 1398.5433, 2004, 92047, L22374_NoorS_2004_res9-S7_fr1, 92325014, 9, 12, 
NH2-NM<Mox>QDLVEDFK-COOH, 1398.9053, 2004, 92047, L22374_NoorS_2004_res9-S7_fr1, 92325015, 9, 12, 
NH2-GQVGGDVNVEM<Mox>DAAPGVDLSR-COOH, 1399.3523, 2004, 92047, L22374_NoorS_2004_res9-S7_fr1, 92325016, 9, 12, 
None, 1399.7944, 2004, 92047, L22374_NoorS_2004_res9-S7_fr1, 92325017, 9, 12, 
None, 1400.3603, 2004, 92047, L22374_NoorS_2004_res9-S7_fr1, 92325018, 9, 12, 
None, 1401.1543, 2004, 92047, L22374_NoorS_2004_res9-S7_fr1, 92325019, 9, 12, 
None, 1412.9498, 2004, 92047, L22374_NoorS_2004_res9-S7_fr1, 92325019, 9, 12, 
None, 1401.4942, 2004, 92047, L22374_NoorS_2004_res9-S7_fr1, 92325020, 9, 12, 
None, 1401.8313, 2004, 92047, L22374_NoorS_2004_res9-S7_fr1, 92325021, 9, 12, 
NH2-IM<Mox>NTFSVVPSPK-COOH, 1402.1752, 2004, 92047, L22374_NoorS_2004_res9-S7_fr1, 92325022, 9, 12, 
None, 1402.5728, 2004, 92047, L22374_NoorS_2004_res9-S7_fr1, 92325023, 9, 12, 
None, 1403.5097, 2004, 92047, L22374_NoorS_2004_res9-S7_fr1, 92325024, 9, 12, 
None, 1404.0606, 2004, 92047, L22374_NoorS_2004_res9-S7_fr1, 92325025, 9, 12, 
None, 1404.9511, 2004, 92047, L22374_NoorS_2004_res9-S7_fr1, 92325026, 9, 12, 
None, 1405.2876, 2004, 92047, L22374_NoorS_2004_res9-S7_fr1, 92325027, 9, 12, 
None, 1405.8650, 2004, 92047, L22374_NoorS_2004_res9-S7_fr1, 92325028, 9, 12, 
None, 1406.2272, 2004, 92047, L22374_NoorS_2004_res9-S7_fr1, 92325029, 9, 12, 
None, 1406.6592, 2004, 92047, L22374_NoorS_2004_res9-S7_fr1, 92325030, 9, 12, 
None, 1407.4171, 2004, 92047, L22374_NoorS_2004_res9-S7_fr1, 92325031, 9, 12, 
None, 1407.7095, 2004, 92047, L22374_NoorS_2004_res9-S7_fr1, 92325032, 9, 12, 
None, 1408.0099, 2004, 92047, L22374_NoorS_2004_res9-S7_fr1, 92325033, 9, 12, 
None, 1408.5726, 2004, 92047, L22374_NoorS_2004_res9-S7_fr1, 92325034, 9, 12, 
None, 1408.9498, 2004, 92047, L22374_NoorS_2004_res9-S7_fr1, 92325035, 9, 12, 
NH2-LAELEEALQK-COOH, 1409.8178, 2004, 92047, L22374_NoorS_2004_res9-S7_fr1, 92325036, 9, 12, 
NH2-EEM<Mox>SQLTGQNSGDVNVEINVAPGK-COOH, 1410.1840, 2004, 92047, L22374_NoorS_2004_res9-S7_fr1, 92325037, 9, 12, 
None, 1410.7464, 2004, 92047, L22374_NoorS_2004_res9-S7_fr1, 92325038, 9, 12, 
None, 1411.1172, 2004, 92047, L22374_NoorS_2004_res9-S7_fr1, 92325039, 9, 12, 
None, 1411.4873, 2004, 92047, L22374_NoorS_2004_res9-S7_fr1, 92325040, 9, 12, 
None, 1412.4113, 2004, 92047, L22374_NoorS_2004_res9-S7_fr1, 92325041, 9, 12, 
None, 1412.6890, 2004, 92047, L22374_NoorS_2004_res9-S7_fr1, 92325042, 9, 12, 
None, 1413.3728, 2004, 92047, L22374_NoorS_2004_res9-S7_fr1, 92325043, 9, 12, 
None, 1413.7768, 2004, 92047, L22374_NoorS_2004_res9-S7_fr1, 92325044, 9, 12, 
NH2-TLLDIDNTR-COOH, 1414.6634, 2004, 92047, L22374_NoorS_2004_res9-S7_fr1, 92325045, 9, 12, 
None, 1414.9151, 2004, 92047, L22374_NoorS_2004_res9-S7_fr1, 92325046, 9, 12, 
None, 1418.7636, 2004, 92047, L22374_NoorS_2004_res9-S7_fr1, 92325046, 9, 12, 
None, 1415.1489, 2004, 92047, L22374_NoorS_2004_res9-S7_fr1, 92325047, 9, 12, 
None, 1415.5267, 2004, 92047, L22374_NoorS_2004_res9-S7_fr1, 92325048, 9, 12, 
None, 1415.8816, 2004, 92047, L22374_NoorS_2004_res9-S7_fr1, 92325049, 9, 12, 
None, 1416.9368, 2004, 92047, L22374_NoorS_2004_res9-S7_fr1, 92325050, 9, 12, 
None, 1417.3856, 2004, 92047, L22374_NoorS_2004_res9-S7_fr1, 92325051, 9, 12, 
None, 1417.7620, 2004, 92047, L22374_NoorS_2004_res9-S7_fr1, 92325052, 9, 12, 
None, 1418.9909, 2004, 92047, L22374_NoorS_2004_res9-S7_fr1, 92325053, 9, 12, 
None, 1419.2329, 2004, 92047, L22374_NoorS_2004_res9-S7_fr1, 92325054, 9, 12, 
None, 1419.5909, 2004, 92047, L22374_NoorS_2004_res9-S7_fr1, 92325055, 9, 12, 
None, 1419.9165, 2004, 92047, L22374_NoorS_2004_res9-S7_fr1, 92325056, 9, 12, 
None, 1420.6746, 2004, 92047, L22374_NoorS_2004_res9-S7_fr1, 92325057, 9, 12, 
None, 1421.0560, 2004, 92047, L22374_NoorS_2004_res9-S7_fr1, 92325058, 9, 12, 
None, 1421.4139, 2004, 92047, L22374_NoorS_2004_res9-S7_fr1, 92325059, 9, 12, 
None, 1422.1308, 2004, 92047, L22374_NoorS_2004_res9-S7_fr1, 92325060, 9, 12, 
None, 1422.4910, 2004, 92047, L22374_NoorS_2004_res9-S7_fr1, 92325061, 9, 12, 
None, 1422.8697, 2004, 92047, L22374_NoorS_2004_res9-S7_fr1, 92325062, 9, 12, 
None, 1423.3555, 2004, 92047, L22374_NoorS_2004_res9-S7_fr1, 92325063, 9, 12, 
None, 1424.2266, 2004, 92047, L22374_NoorS_2004_res9-S7_fr1, 92325064, 9, 12, 
None, 1424.5403, 2004, 92047, L22374_NoorS_2004_res9-S7_fr1, 92325065, 9, 12, 
None, 1424.5403, 2004, 92047, L22374_NoorS_2004_res9-S7_fr1, 92325066, 9, 12, 
None, 1424.8668, 2004, 92047, L22374_NoorS_2004_res9-S7_fr1, 92325067, 9, 12, 
None, 1424.8668, 2004, 92047, L22374_NoorS_2004_res9-S7_fr1, 92325068, 9, 12, 
None, 1425.2131, 2004, 92047, L22374_NoorS_2004_res9-S7_fr1, 92325069, 9, 12, 
None, 1426.3023, 2004, 92047, L22374_NoorS_2004_res9-S7_fr1, 92325070, 9, 12, 
None, 1426.6460, 2004, 92047, L22374_NoorS_2004_res9-S7_fr1, 92325071, 9, 12, 
None, 1426.9691, 2004, 92047, L22374_NoorS_2004_res9-S7_fr1, 92325072, 9, 12, 
None, 1427.3156, 2004, 92047, L22374_NoorS_2004_res9-S7_fr1, 92325073, 9, 12, 
None, 1428.2134, 2004, 92047, L22374_NoorS_2004_res9-S7_fr1, 92325074, 9, 12, 
None, 1428.5397, 2004, 92047, L22374_NoorS_2004_res9-S7_fr1, 92325075, 9, 12, 
None, 1428.8880, 2004, 92047, L22374_NoorS_2004_res9-S7_fr1, 92325076, 9, 12, 
None, 1429.2380, 2004, 92047, L22374_NoorS_2004_res9-S7_fr1, 92325077, 9, 12, 
None, 1429.5958, 2004, 92047, L22374_NoorS_2004_res9-S7_fr1, 92325078, 9, 12, 
None, 1429.5958, 2004, 92047, L22374_NoorS_2004_res9-S7_fr1, 92325079, 9, 12, 
None, 1430.4368, 2004, 92047, L22374_NoorS_2004_res9-S7_fr1, 92325080, 9, 12, 
